2026-06-05 22:55:01 INFO  utilities.TestLogger - 
=========================================
MODULE 2 : CUSTOMER CREATION
THREAD : 23
=========================================
✅ SCENARIO 1 : ADD NEW CUSTOMER - PASSED
Customer ID : 76268
✅ SCENARIO 2 : VALIDATE CUSTOMER ID - PASSED

=========================================
MODULE 2 COMPLETED
=========================================

2026-06-05 22:55:10 INFO  utilities.TestLogger - 
=========================================
MODULE 3 : ACCOUNT MANAGEMENT
THREAD : 24
=========================================
Customer ID : 30625
✅ SCENARIO 1 : OPEN ACCOUNT - PASSED
Account ID : 183137
✅ SCENARIO 2 : VERIFY ACCOUNT DETAILS - PASSED

=========================================
MODULE 3 COMPLETED
=========================================

2026-06-05 22:55:16 INFO  utilities.TestLogger - 
=========================================
MODULE 4 : DEPOSIT TRANSACTION
THREAD : 25
=========================================
Customer ID : 31057
Account ID : 183136
⚠️ SCENARIO 1 : DEPOSIT MONEY - BLOCKED
Reason : Guru99 Application returned HTTP 500

2026-06-05 22:55:33 INFO  utilities.TestLogger - 
=========================================
MODULE 5 : FUND TRANSFER
THREAD : 26
=========================================
Source Account      : 183138
Destination Account : 183139
Amount              : 1000
✅ SCENARIO 1 : VALID TRANSFER - PASSED

=========================================
MODULE 5 COMPLETED
=========================================

2026-06-05 22:58:28 INFO  utilities.TestLogger - 
=========================================
MODULE 2 : CUSTOMER CREATION
THREAD : 20
=========================================
✅ SCENARIO 1 : ADD NEW CUSTOMER - PASSED
Customer ID : 40563
✅ SCENARIO 2 : VALIDATE CUSTOMER ID - PASSED

=========================================
MODULE 2 COMPLETED
=========================================

2026-06-05 22:58:45 INFO  utilities.TestLogger - 
=========================================
MODULE 4 : DEPOSIT TRANSACTION
THREAD : 22
=========================================
Customer ID : 26123
Account ID : 183141
⚠️ SCENARIO 1 : DEPOSIT MONEY - BLOCKED
Reason : Guru99 Application returned HTTP 500

2026-06-05 22:58:58 INFO  utilities.TestLogger - 
=========================================
MODULE 5 : FUND TRANSFER
THREAD : 23
=========================================
Source Account      : 183142
Destination Account : 183143
Amount              : 1000
✅ SCENARIO 1 : VALID TRANSFER - PASSED

=========================================
MODULE 5 COMPLETED
=========================================

2026-06-05 22:59:49 INFO  utilities.TestLogger - 
=========================================
MODULE 4 : BALANCE ENQUIRY
THREAD : 20
=========================================
⚠️ CUSTOMER CREATION BLOCKED
Page Title : demo.guru99.com
Current URL : https://demo.guru99.com/V4/manager/insrtCustomer.php
Reason : Guru99 Application returned HTTP 500

2026-06-05 22:59:57 INFO  utilities.TestLogger - 
=========================================
MODULE 1 : LOGIN
THREAD : 21
=========================================
✅ SCENARIO 1 : VALID LOGIN - PASSED

2026-06-05 23:00:33 INFO  utilities.TestLogger - Alert Message : User or Password is not valid
✅ SCENARIO 2 : INVALID LOGIN - PASSED

2026-06-05 23:01:04 INFO  utilities.TestLogger - Validation Message : 
✅ SCENARIO 3 : EMPTY FIELDS - PASSED

=========================================
MODULE 1 COMPLETED
=========================================

2026-06-05 23:01:28 INFO  utilities.TestLogger - 
=========================================
MODULE 5 : FUND TRANSFER
THREAD : 23
=========================================
Alert Message : Account 99999999does not exist!!!
✅ SCENARIO 3 : INVALID ACCOUNT - PASSED

=========================================
MODULE 5 COMPLETED
=========================================

2026-06-05 23:03:24 INFO  utilities.TestLogger - 
=========================================
MODULE 2 : CUSTOMER CREATION
THREAD : 22
=========================================
✅ SCENARIO 1 : ADD NEW CUSTOMER - PASSED
Customer ID : 77460
✅ SCENARIO 2 : VALIDATE CUSTOMER ID - PASSED

=========================================
MODULE 2 COMPLETED
=========================================

2026-06-05 23:03:40 INFO  utilities.TestLogger - 
=========================================
MODULE 3 : ACCOUNT MANAGEMENT
THREAD : 23
=========================================
Customer ID : 47971
✅ SCENARIO 1 : OPEN ACCOUNT - PASSED
Account ID : 183146
✅ SCENARIO 2 : VERIFY ACCOUNT DETAILS - PASSED

=========================================
MODULE 3 COMPLETED
=========================================

2026-06-05 23:03:50 INFO  utilities.TestLogger - 
=========================================
MODULE 4 : DEPOSIT TRANSACTION
THREAD : 24
=========================================
Customer ID : 35747
Account ID : 183147
⚠️ SCENARIO 1 : DEPOSIT MONEY - BLOCKED
Reason : Guru99 Application returned HTTP 500

2026-06-05 23:05:38 INFO  utilities.TestLogger - 
=========================================
MODULE 1 : LOGIN
THREAD : 1
=========================================
✅ SCENARIO 1 : VALID LOGIN - PASSED

2026-06-05 23:06:04 INFO  utilities.TestLogger - Alert Message : User or Password is not valid
✅ SCENARIO 2 : INVALID LOGIN - PASSED

2026-06-05 23:06:27 INFO  utilities.TestLogger - Validation Message : 
✅ SCENARIO 3 : EMPTY FIELDS - PASSED

=========================================
MODULE 1 COMPLETED
=========================================

2026-06-05 23:07:04 INFO  utilities.TestLogger - 
=========================================
MODULE 2 : CUSTOMER CREATION
THREAD : 1
=========================================
✅ SCENARIO 1 : ADD NEW CUSTOMER - PASSED
Customer ID : 81444
✅ SCENARIO 2 : VALIDATE CUSTOMER ID - PASSED

=========================================
MODULE 2 COMPLETED
=========================================

2026-06-05 23:07:50 INFO  utilities.TestLogger - 
=========================================
MODULE 3 : ACCOUNT MANAGEMENT
THREAD : 1
=========================================
Customer ID : 69352
✅ SCENARIO 1 : OPEN ACCOUNT - PASSED
Account ID : 183148
✅ SCENARIO 2 : VERIFY ACCOUNT DETAILS - PASSED

=========================================
MODULE 3 COMPLETED
=========================================

2026-06-05 23:08:39 INFO  utilities.TestLogger - 
=========================================
MODULE 4 : DEPOSIT TRANSACTION
THREAD : 1
=========================================
Customer ID : 28970
Account ID : 183149
⚠️ SCENARIO 1 : DEPOSIT MONEY - BLOCKED
Reason : Guru99 Application returned HTTP 500

2026-06-05 23:09:31 INFO  utilities.TestLogger - 
=========================================
MODULE 1 : LOGIN
THREAD : 1
=========================================
✅ SCENARIO 1 : VALID LOGIN - PASSED

2026-06-05 23:09:57 INFO  utilities.TestLogger - Alert Message : User or Password is not valid
✅ SCENARIO 2 : INVALID LOGIN - PASSED

2026-06-05 23:10:20 INFO  utilities.TestLogger - Validation Message : 
✅ SCENARIO 3 : EMPTY FIELDS - PASSED

=========================================
MODULE 1 COMPLETED
=========================================

2026-06-05 23:10:58 INFO  utilities.TestLogger - 
=========================================
MODULE 2 : CUSTOMER CREATION
THREAD : 1
=========================================
✅ SCENARIO 1 : ADD NEW CUSTOMER - PASSED
Customer ID : 74577
✅ SCENARIO 2 : VALIDATE CUSTOMER ID - PASSED

=========================================
MODULE 2 COMPLETED
=========================================

2026-06-05 23:11:45 INFO  utilities.TestLogger - 
=========================================
MODULE 3 : ACCOUNT MANAGEMENT
THREAD : 1
=========================================
Customer ID : 93689
✅ SCENARIO 1 : OPEN ACCOUNT - PASSED
Account ID : 183151
✅ SCENARIO 2 : VERIFY ACCOUNT DETAILS - PASSED

=========================================
MODULE 3 COMPLETED
=========================================

2026-06-05 23:12:24 INFO  utilities.TestLogger - 
=========================================
MODULE 4 : DEPOSIT TRANSACTION
THREAD : 1
=========================================
⚠️ CUSTOMER CREATION BLOCKED
Reason : Guru99 Application returned HTTP 500

2026-06-05 23:13:13 INFO  utilities.TestLogger - 
=========================================
MODULE 4 : WITHDRAWAL TRANSACTION
THREAD : 1
=========================================
Customer ID : 86753
Account ID : 183152
Withdraw Amount : 1000
Expected Remaining Balance : 9000
✅ SCENARIO 2 : WITHDRAW MONEY - PASSED

=========================================
MODULE 4 COMPLETED
=========================================

2026-06-05 23:14:13 INFO  utilities.TestLogger - 
=========================================
MODULE 5 : FUND TRANSFER
THREAD : 1
=========================================
Source Account      : 183153
Destination Account : 183154
Amount              : 1000
✅ SCENARIO 1 : VALID TRANSFER - PASSED

=========================================
MODULE 5 COMPLETED
=========================================

2026-06-05 23:15:08 INFO  utilities.TestLogger - 
=========================================
MODULE 5 : FUND TRANSFER
THREAD : 1
=========================================
Alert Message : Transfer Failed. Account Balance low!!
✅ SCENARIO 2 : INSUFFICIENT BALANCE - PASSED

=========================================
MODULE 5 COMPLETED
=========================================

2026-06-05 23:16:09 INFO  utilities.TestLogger - 
=========================================
MODULE 5 : FUND TRANSFER
THREAD : 1
=========================================
Alert Message : Account 99999999does not exist!!!
✅ SCENARIO 3 : INVALID ACCOUNT - PASSED

=========================================
MODULE 5 COMPLETED
=========================================

2026-06-05 23:17:06 INFO  utilities.TestLogger - 
=========================================
MODULE 4 : BALANCE ENQUIRY
THREAD : 1
=========================================
Customer ID : 75436
Account ID : 183159
⚠️ SCENARIO 3 : BALANCE VALIDATION - BLOCKED
Reason : Guru99 Application returned HTTP 500

=========================================
MODULE 4 COMPLETED
=========================================

2026-06-05 23:22:11 INFO  utilities.TestLogger - 
=========================================
MODULE 1 : LOGIN
=========================================

2026-06-05 23:22:43 INFO  utilities.TestLogger - ✅ SCENARIO 1 : VALID LOGIN - PASSED

2026-06-05 23:23:14 INFO  utilities.TestLogger - Alert Message : User or Password is not valid
✅ SCENARIO 2 : INVALID LOGIN - PASSED

2026-06-05 23:25:34 INFO  org.testng.internal.Utils - [Utils] MethodGroupsHelper.collectMethodsByGroup() took 0 ms.
2026-06-05 23:25:34 INFO  org.testng.internal.Utils - [Utils] MethodGroupsHelper.sortMethods() took 1 ms.
2026-06-05 23:25:34 INFO  org.testng.internal.Utils - [Utils] MethodGroupsHelper.collectMethodsByGroup() took 0 ms.
2026-06-05 23:25:34 INFO  org.testng.internal.Utils - [Utils] MethodGroupsHelper.sortMethods() took 0 ms.
2026-06-05 23:25:34 INFO  org.testng.internal.Utils - [Utils] MethodGroupsHelper.collectMethodsByGroup() took 0 ms.
2026-06-05 23:25:34 INFO  org.testng.internal.Utils - [Utils] MethodGroupsHelper.sortMethods() took 0 ms.
2026-06-05 23:25:34 INFO  org.testng.internal.Utils - [Utils] MethodGroupsHelper.collectMethodsByGroup() took 0 ms.
2026-06-05 23:25:34 INFO  org.testng.internal.Utils - [Utils] MethodGroupsHelper.sortMethods() took 0 ms.
2026-06-05 23:25:34 INFO  org.testng.internal.Utils - [Utils] MethodGroupsHelper.collectMethodsByGroup() took 3 ms.
2026-06-05 23:25:34 INFO  org.testng.internal.Utils - [Utils] MethodGroupsHelper.sortMethods() took 20 ms.
2026-06-05 23:25:34 INFO  org.testng.internal.Utils - [Utils] MethodGroupsHelper.collectMethodsByGroup() took 0 ms.
2026-06-05 23:25:34 INFO  org.testng.internal.Utils - [Utils] MethodGroupsHelper.sortMethods() took 0 ms.
2026-06-05 23:25:34 INFO  org.testng.internal.Utils - [Utils] MethodGroupsHelper.collectMethodsByGroup() took 0 ms.
2026-06-05 23:25:34 INFO  org.testng.internal.Utils - [Utils] MethodGroupsHelper.sortMethods() took 0 ms.
2026-06-05 23:25:34 INFO  org.testng.internal.Utils - [Utils] MethodGroupsHelper.collectMethodsByGroup() took 0 ms.
2026-06-05 23:25:34 INFO  org.testng.internal.Utils - [Utils] MethodGroupsHelper.sortMethods() took 0 ms.
2026-06-05 23:25:34 INFO  org.testng.internal.Utils - [Utils] MethodGroupsHelper.collectMethodsByGroup() took 0 ms.
2026-06-05 23:25:34 INFO  org.testng.internal.Utils - [Utils] MethodGroupsHelper.sortMethods() took 0 ms.
2026-06-05 23:25:34 INFO  org.testng.internal.Utils - [Utils] MethodGroupsHelper.collectMethodsByGroup() took 0 ms.
2026-06-05 23:25:34 INFO  org.testng.internal.Utils - [Utils] MethodGroupsHelper.sortMethods() took 0 ms.
2026-06-05 23:25:34 INFO  org.testng.internal.Utils - [Utils] MethodGroupsHelper.collectMethodsByGroup() took 0 ms.
2026-06-05 23:25:34 INFO  org.testng.internal.Utils - [Utils] MethodGroupsHelper.sortMethods() took 0 ms.
2026-06-05 23:25:34 INFO  org.testng.internal.Utils - [Utils] MethodGroupsHelper.collectMethodsByGroup() took 0 ms.
2026-06-05 23:25:34 INFO  org.testng.internal.Utils - [Utils] MethodGroupsHelper.sortMethods() took 0 ms.
2026-06-05 23:25:34 INFO  org.testng.internal.Utils - [Utils] MethodGroupsHelper.collectMethodsByGroup() took 1 ms.
2026-06-05 23:25:34 INFO  org.testng.internal.Utils - [Utils] MethodGroupsHelper.sortMethods() took 18 ms.
2026-06-05 23:25:34 INFO  org.testng.internal.Utils - [Utils] MethodGroupsHelper.collectMethodsByGroup() took 0 ms.
2026-06-05 23:25:34 INFO  org.testng.internal.Utils - [Utils] MethodGroupsHelper.sortMethods() took 0 ms.
2026-06-05 23:25:34 INFO  org.testng.internal.Utils - [Utils] MethodGroupsHelper.collectMethodsByGroup() took 0 ms.
2026-06-05 23:25:34 INFO  org.testng.internal.Utils - [Utils] MethodGroupsHelper.sortMethods() took 0 ms.
2026-06-05 23:25:34 INFO  org.testng.internal.Utils - [TestNG] Running:
  /private/var/folders/1m/l_rj06c54fsbr6kjbknyg9700000gn/T/testng-eclipse-84296173/testng-customsuite.xml

2026-06-05 23:25:34 INFO  org.testng.internal.Utils - [Utils] DynamicGraphHelper.createDynamicGraph() took 4 ms.
2026-06-05 23:25:34 INFO  utilities.TestLogger - 
=========================================
MODULE 1 : LOGIN
=========================================

2026-06-05 23:25:36 INFO  io.github.bonigarcia.wdm.WebDriverManager - Using chromedriver 148.0.7778.178 (resolved driver for Chrome 148)
2026-06-05 23:25:36 INFO  io.github.bonigarcia.wdm.WebDriverManager - Exporting webdriver.chrome.driver as /Users/ritiksoni/.cache/selenium/chromedriver/mac64/148.0.7778.178/chromedriver
2026-06-05 23:26:09 INFO  utilities.TestLogger - ✅ SCENARIO 1 : VALID LOGIN - PASSED

2026-06-05 23:26:09 INFO  io.github.bonigarcia.wdm.WebDriverManager - Using chromedriver 148.0.7778.178 (resolved driver for Chrome 148)
2026-06-05 23:26:09 INFO  io.github.bonigarcia.wdm.WebDriverManager - Exporting webdriver.chrome.driver as /Users/ritiksoni/.cache/selenium/chromedriver/mac64/148.0.7778.178/chromedriver
2026-06-05 23:26:39 INFO  utilities.TestLogger - Alert Message : User or Password is not valid
✅ SCENARIO 2 : INVALID LOGIN - PASSED

2026-06-05 23:26:39 INFO  io.github.bonigarcia.wdm.WebDriverManager - Using chromedriver 148.0.7778.178 (resolved driver for Chrome 148)
2026-06-05 23:26:39 INFO  io.github.bonigarcia.wdm.WebDriverManager - Exporting webdriver.chrome.driver as /Users/ritiksoni/.cache/selenium/chromedriver/mac64/148.0.7778.178/chromedriver
2026-06-05 23:27:03 INFO  utilities.TestLogger - Validation Message : 
✅ SCENARIO 3 : EMPTY FIELDS - PASSED

2026-06-05 23:27:04 INFO  utilities.TestLogger - 
=========================================
MODULE 1 COMPLETED
=========================================

2026-06-05 23:27:04 INFO  org.testng.internal.Utils - [TestNG] Time taken by org.testng.reporters.jq.Main@159424e2: 90 ms
2026-06-05 23:27:04 INFO  org.testng.internal.Utils - [TestNG] Time taken by org.testng.reporters.FailedReporter@f238e4f: 6 ms
2026-06-05 23:27:04 INFO  org.testng.internal.Utils - [TestNG] Time taken by org.testng.reporters.XMLReporter@2574a9e3: 13 ms
2026-06-05 23:27:04 INFO  org.testng.internal.Utils - [TestNG] Time taken by org.testng.reporters.EmailableReporter2@27f3f512: 6 ms
2026-06-05 23:27:04 INFO  org.testng.internal.Utils - [TestNG] Time taken by org.testng.reporters.JUnitReportReporter@3ece79fe: 4 ms
2026-06-05 23:27:04 INFO  org.testng.internal.Utils - [TestNG] Time taken by org.testng.internal.ExitCodeListener@3cc79c02: 0 ms
2026-06-05 23:41:17 INFO  org.testng.internal.Utils - [Utils] MethodGroupsHelper.collectMethodsByGroup() took 0 ms.
2026-06-05 23:41:17 INFO  org.testng.internal.Utils - [Utils] MethodGroupsHelper.sortMethods() took 1 ms.
2026-06-05 23:41:17 INFO  org.testng.internal.Utils - [Utils] MethodGroupsHelper.collectMethodsByGroup() took 0 ms.
2026-06-05 23:41:17 INFO  org.testng.internal.Utils - [Utils] MethodGroupsHelper.sortMethods() took 0 ms.
2026-06-05 23:41:17 INFO  org.testng.internal.Utils - [Utils] MethodGroupsHelper.collectMethodsByGroup() took 0 ms.
2026-06-05 23:41:17 INFO  org.testng.internal.Utils - [Utils] MethodGroupsHelper.sortMethods() took 0 ms.
2026-06-05 23:41:17 INFO  org.testng.internal.Utils - [Utils] MethodGroupsHelper.collectMethodsByGroup() took 0 ms.
2026-06-05 23:41:17 INFO  org.testng.internal.Utils - [Utils] MethodGroupsHelper.sortMethods() took 0 ms.
2026-06-05 23:41:17 INFO  org.testng.internal.Utils - [Utils] MethodGroupsHelper.collectMethodsByGroup() took 3 ms.
2026-06-05 23:41:17 INFO  org.testng.internal.Utils - [Utils] MethodGroupsHelper.sortMethods() took 19 ms.
2026-06-05 23:41:17 INFO  org.testng.internal.Utils - [Utils] MethodGroupsHelper.collectMethodsByGroup() took 0 ms.
2026-06-05 23:41:17 INFO  org.testng.internal.Utils - [Utils] MethodGroupsHelper.sortMethods() took 0 ms.
2026-06-05 23:41:17 INFO  org.testng.internal.Utils - [Utils] MethodGroupsHelper.collectMethodsByGroup() took 0 ms.
2026-06-05 23:41:17 INFO  org.testng.internal.Utils - [Utils] MethodGroupsHelper.sortMethods() took 0 ms.
2026-06-05 23:41:17 INFO  org.testng.internal.Utils - [Utils] MethodGroupsHelper.collectMethodsByGroup() took 0 ms.
2026-06-05 23:41:17 INFO  org.testng.internal.Utils - [Utils] MethodGroupsHelper.sortMethods() took 0 ms.
2026-06-05 23:41:17 INFO  org.testng.internal.Utils - [Utils] MethodGroupsHelper.collectMethodsByGroup() took 0 ms.
2026-06-05 23:41:17 INFO  org.testng.internal.Utils - [Utils] MethodGroupsHelper.sortMethods() took 0 ms.
2026-06-05 23:41:17 INFO  org.testng.internal.Utils - [Utils] MethodGroupsHelper.collectMethodsByGroup() took 0 ms.
2026-06-05 23:41:17 INFO  org.testng.internal.Utils - [Utils] MethodGroupsHelper.sortMethods() took 0 ms.
2026-06-05 23:41:17 INFO  org.testng.internal.Utils - [Utils] MethodGroupsHelper.collectMethodsByGroup() took 0 ms.
2026-06-05 23:41:17 INFO  org.testng.internal.Utils - [Utils] MethodGroupsHelper.sortMethods() took 0 ms.
2026-06-05 23:41:17 INFO  org.testng.internal.Utils - [Utils] MethodGroupsHelper.collectMethodsByGroup() took 0 ms.
2026-06-05 23:41:17 INFO  org.testng.internal.Utils - [Utils] MethodGroupsHelper.sortMethods() took 0 ms.
2026-06-05 23:41:17 INFO  org.testng.internal.Utils - [Utils] MethodGroupsHelper.collectMethodsByGroup() took 3 ms.
2026-06-05 23:41:17 INFO  org.testng.internal.Utils - [Utils] MethodGroupsHelper.sortMethods() took 0 ms.
2026-06-05 23:41:17 INFO  org.testng.internal.Utils - [Utils] MethodGroupsHelper.collectMethodsByGroup() took 0 ms.
2026-06-05 23:41:17 INFO  org.testng.internal.Utils - [Utils] MethodGroupsHelper.sortMethods() took 0 ms.
2026-06-05 23:41:17 INFO  org.testng.internal.Utils - [Utils] MethodGroupsHelper.collectMethodsByGroup() took 0 ms.
2026-06-05 23:41:17 INFO  org.testng.internal.Utils - [Utils] MethodGroupsHelper.sortMethods() took 0 ms.
2026-06-05 23:41:17 INFO  org.testng.internal.Utils - [TestNG] Running:
  /private/var/folders/1m/l_rj06c54fsbr6kjbknyg9700000gn/T/testng-eclipse--251996792/testng-customsuite.xml

2026-06-05 23:41:17 INFO  org.testng.internal.Utils - [Utils] DynamicGraphHelper.createDynamicGraph() took 6 ms.
2026-06-05 23:41:17 INFO  utilities.TestLogger - 
=========================================
MODULE 4 : TRANSACTIONS
=========================================

2026-06-05 23:41:19 INFO  io.github.bonigarcia.wdm.WebDriverManager - Using chromedriver 148.0.7778.178 (resolved driver for Chrome 148)
2026-06-05 23:41:19 INFO  io.github.bonigarcia.wdm.WebDriverManager - Exporting webdriver.chrome.driver as /Users/ritiksoni/.cache/selenium/chromedriver/mac64/148.0.7778.178/chromedriver
2026-06-05 23:42:21 INFO  utilities.TestLogger - 
=========================================
MODULE 4 COMPLETED
=========================================

2026-06-05 23:42:22 INFO  org.testng.internal.Utils - [TestNG] Time taken by org.testng.reporters.jq.Main@6c184d4d: 113 ms
2026-06-05 23:42:22 INFO  org.testng.internal.Utils - [TestNG] Time taken by org.testng.reporters.FailedReporter@51bddd98: 29 ms
2026-06-05 23:42:22 INFO  org.testng.internal.Utils - [TestNG] Time taken by org.testng.reporters.XMLReporter@4ed15347: 21 ms
2026-06-05 23:42:22 INFO  org.testng.internal.Utils - [TestNG] Time taken by org.testng.reporters.EmailableReporter2@51f18e31: 12 ms
2026-06-05 23:42:22 INFO  org.testng.internal.Utils - [TestNG] Time taken by org.testng.reporters.JUnitReportReporter@32faa16c: 13 ms
2026-06-05 23:42:22 INFO  org.testng.internal.Utils - [TestNG] Time taken by org.testng.internal.ExitCodeListener@343fddd9: 0 ms
2026-06-05 23:47:28 INFO  org.testng.internal.Utils - [Utils] MethodGroupsHelper.collectMethodsByGroup() took 0 ms.
2026-06-05 23:47:28 INFO  org.testng.internal.Utils - [Utils] MethodGroupsHelper.sortMethods() took 1 ms.
2026-06-05 23:47:28 INFO  org.testng.internal.Utils - [Utils] MethodGroupsHelper.collectMethodsByGroup() took 0 ms.
2026-06-05 23:47:28 INFO  org.testng.internal.Utils - [Utils] MethodGroupsHelper.sortMethods() took 0 ms.
2026-06-05 23:47:28 INFO  org.testng.internal.Utils - [Utils] MethodGroupsHelper.collectMethodsByGroup() took 0 ms.
2026-06-05 23:47:28 INFO  org.testng.internal.Utils - [Utils] MethodGroupsHelper.sortMethods() took 0 ms.
2026-06-05 23:47:28 INFO  org.testng.internal.Utils - [Utils] MethodGroupsHelper.collectMethodsByGroup() took 0 ms.
2026-06-05 23:47:28 INFO  org.testng.internal.Utils - [Utils] MethodGroupsHelper.sortMethods() took 0 ms.
2026-06-05 23:47:28 INFO  org.testng.internal.Utils - [Utils] MethodGroupsHelper.collectMethodsByGroup() took 2 ms.
2026-06-05 23:47:28 INFO  org.testng.internal.Utils - [Utils] MethodGroupsHelper.sortMethods() took 20 ms.
2026-06-05 23:47:28 INFO  org.testng.internal.Utils - [Utils] MethodGroupsHelper.collectMethodsByGroup() took 0 ms.
2026-06-05 23:47:28 INFO  org.testng.internal.Utils - [Utils] MethodGroupsHelper.sortMethods() took 1 ms.
2026-06-05 23:47:28 INFO  org.testng.internal.Utils - [Utils] MethodGroupsHelper.collectMethodsByGroup() took 0 ms.
2026-06-05 23:47:28 INFO  org.testng.internal.Utils - [Utils] MethodGroupsHelper.sortMethods() took 0 ms.
2026-06-05 23:47:28 INFO  org.testng.internal.Utils - [Utils] MethodGroupsHelper.collectMethodsByGroup() took 0 ms.
2026-06-05 23:47:28 INFO  org.testng.internal.Utils - [Utils] MethodGroupsHelper.sortMethods() took 0 ms.
2026-06-05 23:47:28 INFO  org.testng.internal.Utils - [Utils] MethodGroupsHelper.collectMethodsByGroup() took 0 ms.
2026-06-05 23:47:28 INFO  org.testng.internal.Utils - [Utils] MethodGroupsHelper.sortMethods() took 0 ms.
2026-06-05 23:47:28 INFO  org.testng.internal.Utils - [Utils] MethodGroupsHelper.collectMethodsByGroup() took 0 ms.
2026-06-05 23:47:28 INFO  org.testng.internal.Utils - [Utils] MethodGroupsHelper.sortMethods() took 0 ms.
2026-06-05 23:47:28 INFO  org.testng.internal.Utils - [Utils] MethodGroupsHelper.collectMethodsByGroup() took 0 ms.
2026-06-05 23:47:28 INFO  org.testng.internal.Utils - [Utils] MethodGroupsHelper.sortMethods() took 0 ms.
2026-06-05 23:47:28 INFO  org.testng.internal.Utils - [Utils] MethodGroupsHelper.collectMethodsByGroup() took 0 ms.
2026-06-05 23:47:28 INFO  org.testng.internal.Utils - [Utils] MethodGroupsHelper.sortMethods() took 0 ms.
2026-06-05 23:47:28 INFO  org.testng.internal.Utils - [Utils] MethodGroupsHelper.collectMethodsByGroup() took 3 ms.
2026-06-05 23:47:28 INFO  org.testng.internal.Utils - [Utils] MethodGroupsHelper.sortMethods() took 0 ms.
2026-06-05 23:47:28 INFO  org.testng.internal.Utils - [Utils] MethodGroupsHelper.collectMethodsByGroup() took 0 ms.
2026-06-05 23:47:28 INFO  org.testng.internal.Utils - [Utils] MethodGroupsHelper.sortMethods() took 0 ms.
2026-06-05 23:47:28 INFO  org.testng.internal.Utils - [Utils] MethodGroupsHelper.collectMethodsByGroup() took 0 ms.
2026-06-05 23:47:28 INFO  org.testng.internal.Utils - [Utils] MethodGroupsHelper.sortMethods() took 0 ms.
2026-06-05 23:47:28 INFO  org.testng.internal.Utils - [TestNG] Running:
  /private/var/folders/1m/l_rj06c54fsbr6kjbknyg9700000gn/T/testng-eclipse--1696347157/testng-customsuite.xml

2026-06-05 23:47:28 INFO  org.testng.internal.Utils - [Utils] DynamicGraphHelper.createDynamicGraph() took 4 ms.
2026-06-05 23:47:28 INFO  utilities.TestLogger - 
=========================================
MODULE 4 : TRANSACTIONS
=========================================

2026-06-05 23:47:30 INFO  io.github.bonigarcia.wdm.WebDriverManager - Using chromedriver 148.0.7778.178 (resolved driver for Chrome 148)
2026-06-05 23:47:30 INFO  io.github.bonigarcia.wdm.WebDriverManager - Exporting webdriver.chrome.driver as /Users/ritiksoni/.cache/selenium/chromedriver/mac64/148.0.7778.178/chromedriver
2026-06-05 23:48:22 INFO  utilities.TestLogger - Customer ID : 50231
Account ID : 183164
⚠️ SCENARIO 1 : DEPOSIT MONEY - BLOCKED
Reason : Guru99 Application returned HTTP 500

2026-06-05 23:48:22 INFO  utilities.TestLogger - 
=========================================
MODULE 4 COMPLETED
=========================================

2026-06-05 23:48:23 INFO  org.testng.internal.Utils - [TestNG] Time taken by org.testng.reporters.jq.Main@764b14b8: 58 ms
2026-06-05 23:48:23 INFO  org.testng.internal.Utils - [TestNG] Time taken by org.testng.reporters.FailedReporter@6d6ac396: 2 ms
2026-06-05 23:48:23 INFO  org.testng.internal.Utils - [TestNG] Time taken by org.testng.reporters.XMLReporter@35bfa1bb: 9 ms
2026-06-05 23:48:23 INFO  org.testng.internal.Utils - [TestNG] Time taken by org.testng.reporters.EmailableReporter2@40c06358: 14 ms
2026-06-05 23:48:23 INFO  org.testng.internal.Utils - [TestNG] Time taken by org.testng.reporters.JUnitReportReporter@dd3f8aa: 5 ms
2026-06-05 23:48:23 INFO  org.testng.internal.Utils - [TestNG] Time taken by org.testng.internal.ExitCodeListener@3d615b2e: 0 ms
2026-06-05 23:56:43 INFO  org.testng.internal.Utils - [Utils] MethodGroupsHelper.collectMethodsByGroup() took 0 ms.
2026-06-05 23:56:43 INFO  org.testng.internal.Utils - [Utils] MethodGroupsHelper.sortMethods() took 1 ms.
2026-06-05 23:56:43 INFO  org.testng.internal.Utils - [Utils] MethodGroupsHelper.collectMethodsByGroup() took 0 ms.
2026-06-05 23:56:43 INFO  org.testng.internal.Utils - [Utils] MethodGroupsHelper.sortMethods() took 0 ms.
2026-06-05 23:56:43 INFO  org.testng.internal.Utils - [Utils] MethodGroupsHelper.collectMethodsByGroup() took 0 ms.
2026-06-05 23:56:43 INFO  org.testng.internal.Utils - [Utils] MethodGroupsHelper.sortMethods() took 0 ms.
2026-06-05 23:56:43 INFO  org.testng.internal.Utils - [Utils] MethodGroupsHelper.collectMethodsByGroup() took 0 ms.
2026-06-05 23:56:43 INFO  org.testng.internal.Utils - [Utils] MethodGroupsHelper.sortMethods() took 0 ms.
2026-06-05 23:56:43 INFO  org.testng.internal.Utils - [Utils] MethodGroupsHelper.collectMethodsByGroup() took 2 ms.
2026-06-05 23:56:43 INFO  org.testng.internal.Utils - [Utils] MethodGroupsHelper.sortMethods() took 16 ms.
2026-06-05 23:56:43 INFO  org.testng.internal.Utils - [Utils] MethodGroupsHelper.collectMethodsByGroup() took 0 ms.
2026-06-05 23:56:43 INFO  org.testng.internal.Utils - [Utils] MethodGroupsHelper.sortMethods() took 0 ms.
2026-06-05 23:56:43 INFO  org.testng.internal.Utils - [Utils] MethodGroupsHelper.collectMethodsByGroup() took 0 ms.
2026-06-05 23:56:43 INFO  org.testng.internal.Utils - [Utils] MethodGroupsHelper.sortMethods() took 0 ms.
2026-06-05 23:56:43 INFO  org.testng.internal.Utils - [Utils] MethodGroupsHelper.collectMethodsByGroup() took 0 ms.
2026-06-05 23:56:43 INFO  org.testng.internal.Utils - [Utils] MethodGroupsHelper.sortMethods() took 0 ms.
2026-06-05 23:56:43 INFO  org.testng.internal.Utils - [Utils] MethodGroupsHelper.collectMethodsByGroup() took 0 ms.
2026-06-05 23:56:43 INFO  org.testng.internal.Utils - [Utils] MethodGroupsHelper.sortMethods() took 0 ms.
2026-06-05 23:56:43 INFO  org.testng.internal.Utils - [Utils] MethodGroupsHelper.collectMethodsByGroup() took 0 ms.
2026-06-05 23:56:43 INFO  org.testng.internal.Utils - [Utils] MethodGroupsHelper.sortMethods() took 0 ms.
2026-06-05 23:56:43 INFO  org.testng.internal.Utils - [Utils] MethodGroupsHelper.collectMethodsByGroup() took 0 ms.
2026-06-05 23:56:43 INFO  org.testng.internal.Utils - [Utils] MethodGroupsHelper.sortMethods() took 0 ms.
2026-06-05 23:56:43 INFO  org.testng.internal.Utils - [Utils] MethodGroupsHelper.collectMethodsByGroup() took 0 ms.
2026-06-05 23:56:43 INFO  org.testng.internal.Utils - [Utils] MethodGroupsHelper.sortMethods() took 0 ms.
2026-06-05 23:56:43 INFO  org.testng.internal.Utils - [Utils] MethodGroupsHelper.collectMethodsByGroup() took 2 ms.
2026-06-05 23:56:43 INFO  org.testng.internal.Utils - [Utils] MethodGroupsHelper.sortMethods() took 0 ms.
2026-06-05 23:56:43 INFO  org.testng.internal.Utils - [Utils] MethodGroupsHelper.collectMethodsByGroup() took 0 ms.
2026-06-05 23:56:43 INFO  org.testng.internal.Utils - [Utils] MethodGroupsHelper.sortMethods() took 0 ms.
2026-06-05 23:56:43 INFO  org.testng.internal.Utils - [Utils] MethodGroupsHelper.collectMethodsByGroup() took 0 ms.
2026-06-05 23:56:43 INFO  org.testng.internal.Utils - [Utils] MethodGroupsHelper.sortMethods() took 0 ms.
2026-06-05 23:56:43 INFO  org.testng.internal.Utils - [TestNG] Running:
  /private/var/folders/1m/l_rj06c54fsbr6kjbknyg9700000gn/T/testng-eclipse-1969937147/testng-customsuite.xml

2026-06-05 23:56:43 INFO  org.testng.internal.Utils - [Utils] DynamicGraphHelper.createDynamicGraph() took 5 ms.
2026-06-05 23:56:43 INFO  utilities.TestLogger - 
=========================================
MODULE 4 : TRANSACTIONS
=========================================

2026-06-05 23:56:47 INFO  io.github.bonigarcia.wdm.WebDriverManager - Using chromedriver 148.0.7778.178 (resolved driver for Chrome 148)
2026-06-05 23:56:47 INFO  io.github.bonigarcia.wdm.WebDriverManager - Exporting webdriver.chrome.driver as /Users/ritiksoni/.cache/selenium/chromedriver/mac64/148.0.7778.178/chromedriver
2026-06-05 23:57:42 INFO  utilities.TestLogger - Customer ID : 16011
Account ID : 183166

⚠️ SCENARIO 1 : DEPOSIT MONEY - BLOCKED
Reason : Guru99 Application returned HTTP 500

=========================================
MODULE 4 COMPLETED
=========================================

2026-06-05 23:57:42 INFO  org.testng.internal.Utils - [TestNG] Time taken by org.testng.reporters.jq.Main@1a531422: 62 ms
2026-06-05 23:57:42 INFO  org.testng.internal.Utils - [TestNG] Time taken by org.testng.reporters.FailedReporter@4e4162bc: 4 ms
2026-06-05 23:57:42 INFO  org.testng.internal.Utils - [TestNG] Time taken by org.testng.reporters.XMLReporter@5f8a02cf: 31 ms
2026-06-05 23:57:42 INFO  org.testng.internal.Utils - [TestNG] Time taken by org.testng.reporters.EmailableReporter2@2df65a56: 15 ms
2026-06-05 23:57:42 INFO  org.testng.internal.Utils - [TestNG] Time taken by org.testng.reporters.JUnitReportReporter@2e56b4d: 6 ms
2026-06-05 23:57:42 INFO  org.testng.internal.Utils - [TestNG] Time taken by org.testng.internal.ExitCodeListener@3f857e08: 0 ms
2026-06-06 00:02:17 INFO  org.testng.internal.Utils - [Utils] MethodGroupsHelper.collectMethodsByGroup() took 0 ms.
2026-06-06 00:02:17 INFO  org.testng.internal.Utils - [Utils] MethodGroupsHelper.sortMethods() took 1 ms.
2026-06-06 00:02:17 INFO  org.testng.internal.Utils - [Utils] MethodGroupsHelper.collectMethodsByGroup() took 0 ms.
2026-06-06 00:02:17 INFO  org.testng.internal.Utils - [Utils] MethodGroupsHelper.sortMethods() took 0 ms.
2026-06-06 00:02:17 INFO  org.testng.internal.Utils - [Utils] MethodGroupsHelper.collectMethodsByGroup() took 0 ms.
2026-06-06 00:02:17 INFO  org.testng.internal.Utils - [Utils] MethodGroupsHelper.sortMethods() took 0 ms.
2026-06-06 00:02:17 INFO  org.testng.internal.Utils - [Utils] MethodGroupsHelper.collectMethodsByGroup() took 0 ms.
2026-06-06 00:02:17 INFO  org.testng.internal.Utils - [Utils] MethodGroupsHelper.sortMethods() took 0 ms.
2026-06-06 00:02:17 INFO  org.testng.internal.Utils - [Utils] MethodGroupsHelper.collectMethodsByGroup() took 2 ms.
2026-06-06 00:02:17 INFO  org.testng.internal.Utils - [Utils] MethodGroupsHelper.sortMethods() took 20 ms.
2026-06-06 00:02:17 INFO  org.testng.internal.Utils - [Utils] MethodGroupsHelper.collectMethodsByGroup() took 0 ms.
2026-06-06 00:02:17 INFO  org.testng.internal.Utils - [Utils] MethodGroupsHelper.sortMethods() took 0 ms.
2026-06-06 00:02:17 INFO  org.testng.internal.Utils - [Utils] MethodGroupsHelper.collectMethodsByGroup() took 0 ms.
2026-06-06 00:02:17 INFO  org.testng.internal.Utils - [Utils] MethodGroupsHelper.sortMethods() took 0 ms.
2026-06-06 00:02:17 INFO  org.testng.internal.Utils - [Utils] MethodGroupsHelper.collectMethodsByGroup() took 0 ms.
2026-06-06 00:02:17 INFO  org.testng.internal.Utils - [Utils] MethodGroupsHelper.sortMethods() took 0 ms.
2026-06-06 00:02:17 INFO  org.testng.internal.Utils - [Utils] MethodGroupsHelper.collectMethodsByGroup() took 0 ms.
2026-06-06 00:02:17 INFO  org.testng.internal.Utils - [Utils] MethodGroupsHelper.sortMethods() took 0 ms.
2026-06-06 00:02:17 INFO  org.testng.internal.Utils - [Utils] MethodGroupsHelper.collectMethodsByGroup() took 0 ms.
2026-06-06 00:02:17 INFO  org.testng.internal.Utils - [Utils] MethodGroupsHelper.sortMethods() took 0 ms.
2026-06-06 00:02:17 INFO  org.testng.internal.Utils - [Utils] MethodGroupsHelper.collectMethodsByGroup() took 0 ms.
2026-06-06 00:02:17 INFO  org.testng.internal.Utils - [Utils] MethodGroupsHelper.sortMethods() took 0 ms.
2026-06-06 00:02:17 INFO  org.testng.internal.Utils - [Utils] MethodGroupsHelper.collectMethodsByGroup() took 0 ms.
2026-06-06 00:02:17 INFO  org.testng.internal.Utils - [Utils] MethodGroupsHelper.sortMethods() took 0 ms.
2026-06-06 00:02:17 INFO  org.testng.internal.Utils - [Utils] MethodGroupsHelper.collectMethodsByGroup() took 1 ms.
2026-06-06 00:02:17 INFO  org.testng.internal.Utils - [Utils] MethodGroupsHelper.sortMethods() took 0 ms.
2026-06-06 00:02:17 INFO  org.testng.internal.Utils - [Utils] MethodGroupsHelper.collectMethodsByGroup() took 0 ms.
2026-06-06 00:02:17 INFO  org.testng.internal.Utils - [Utils] MethodGroupsHelper.sortMethods() took 0 ms.
2026-06-06 00:02:17 INFO  org.testng.internal.Utils - [Utils] MethodGroupsHelper.collectMethodsByGroup() took 0 ms.
2026-06-06 00:02:17 INFO  org.testng.internal.Utils - [Utils] MethodGroupsHelper.sortMethods() took 0 ms.
2026-06-06 00:02:17 INFO  org.testng.internal.Utils - [TestNG] Running:
  /private/var/folders/1m/l_rj06c54fsbr6kjbknyg9700000gn/T/testng-eclipse-1040659640/testng-customsuite.xml

2026-06-06 00:02:17 INFO  org.testng.internal.Utils - [Utils] DynamicGraphHelper.createDynamicGraph() took 5 ms.
2026-06-06 00:02:17 INFO  utilities.TestLogger - 
=========================================
MODULE 4 : TRANSACTIONS
=========================================

2026-06-06 00:02:19 INFO  io.github.bonigarcia.wdm.WebDriverManager - Using chromedriver 148.0.7778.178 (resolved driver for Chrome 148)
2026-06-06 00:02:19 INFO  io.github.bonigarcia.wdm.WebDriverManager - Exporting webdriver.chrome.driver as /Users/ritiksoni/.cache/selenium/chromedriver/mac64/148.0.7778.178/chromedriver
2026-06-06 00:03:07 INFO  utilities.TestLogger - Customer ID : 47924
Account ID : 183168

⚠️ SCENARIO 1 : DEPOSIT MONEY - BLOCKED
Reason : Guru99 Application returned HTTP 500

=========================================
MODULE 4 COMPLETED
=========================================

2026-06-06 00:03:07 INFO  org.testng.internal.Utils - [TestNG] Time taken by org.testng.reporters.jq.Main@202d9236: 62 ms
2026-06-06 00:03:07 INFO  org.testng.internal.Utils - [TestNG] Time taken by org.testng.reporters.FailedReporter@432af457: 2 ms
2026-06-06 00:03:07 INFO  org.testng.internal.Utils - [TestNG] Time taken by org.testng.reporters.XMLReporter@6b321262: 9 ms
2026-06-06 00:03:07 INFO  org.testng.internal.Utils - [TestNG] Time taken by org.testng.reporters.EmailableReporter2@66e21568: 15 ms
2026-06-06 00:03:07 INFO  org.testng.internal.Utils - [TestNG] Time taken by org.testng.reporters.JUnitReportReporter@3d615b2e: 4 ms
2026-06-06 00:03:07 INFO  org.testng.internal.Utils - [TestNG] Time taken by org.testng.internal.ExitCodeListener@3a1f2a1: 0 ms
2026-06-06 00:11:17 INFO  org.testng.internal.Utils - [Utils] MethodGroupsHelper.collectMethodsByGroup() took 1 ms.
2026-06-06 00:11:17 INFO  org.testng.internal.Utils - [Utils] MethodGroupsHelper.sortMethods() took 1 ms.
2026-06-06 00:11:17 INFO  org.testng.internal.Utils - [Utils] MethodGroupsHelper.collectMethodsByGroup() took 0 ms.
2026-06-06 00:11:17 INFO  org.testng.internal.Utils - [Utils] MethodGroupsHelper.sortMethods() took 0 ms.
2026-06-06 00:11:17 INFO  org.testng.internal.Utils - [Utils] MethodGroupsHelper.collectMethodsByGroup() took 0 ms.
2026-06-06 00:11:17 INFO  org.testng.internal.Utils - [Utils] MethodGroupsHelper.sortMethods() took 0 ms.
2026-06-06 00:11:17 INFO  org.testng.internal.Utils - [Utils] MethodGroupsHelper.collectMethodsByGroup() took 0 ms.
2026-06-06 00:11:17 INFO  org.testng.internal.Utils - [Utils] MethodGroupsHelper.sortMethods() took 0 ms.
2026-06-06 00:11:17 INFO  org.testng.internal.Utils - [Utils] MethodGroupsHelper.collectMethodsByGroup() took 2 ms.
2026-06-06 00:11:17 INFO  org.testng.internal.Utils - [Utils] MethodGroupsHelper.sortMethods() took 20 ms.
2026-06-06 00:11:17 INFO  org.testng.internal.Utils - [Utils] MethodGroupsHelper.collectMethodsByGroup() took 0 ms.
2026-06-06 00:11:17 INFO  org.testng.internal.Utils - [Utils] MethodGroupsHelper.sortMethods() took 0 ms.
2026-06-06 00:11:17 INFO  org.testng.internal.Utils - [Utils] MethodGroupsHelper.collectMethodsByGroup() took 0 ms.
2026-06-06 00:11:17 INFO  org.testng.internal.Utils - [Utils] MethodGroupsHelper.sortMethods() took 0 ms.
2026-06-06 00:11:17 INFO  org.testng.internal.Utils - [Utils] MethodGroupsHelper.collectMethodsByGroup() took 0 ms.
2026-06-06 00:11:17 INFO  org.testng.internal.Utils - [Utils] MethodGroupsHelper.sortMethods() took 0 ms.
2026-06-06 00:11:17 INFO  org.testng.internal.Utils - [Utils] MethodGroupsHelper.collectMethodsByGroup() took 0 ms.
2026-06-06 00:11:17 INFO  org.testng.internal.Utils - [Utils] MethodGroupsHelper.sortMethods() took 0 ms.
2026-06-06 00:11:17 INFO  org.testng.internal.Utils - [Utils] MethodGroupsHelper.collectMethodsByGroup() took 0 ms.
2026-06-06 00:11:17 INFO  org.testng.internal.Utils - [Utils] MethodGroupsHelper.sortMethods() took 0 ms.
2026-06-06 00:11:17 INFO  org.testng.internal.Utils - [Utils] MethodGroupsHelper.collectMethodsByGroup() took 0 ms.
2026-06-06 00:11:17 INFO  org.testng.internal.Utils - [Utils] MethodGroupsHelper.sortMethods() took 0 ms.
2026-06-06 00:11:17 INFO  org.testng.internal.Utils - [Utils] MethodGroupsHelper.collectMethodsByGroup() took 0 ms.
2026-06-06 00:11:17 INFO  org.testng.internal.Utils - [Utils] MethodGroupsHelper.sortMethods() took 0 ms.
2026-06-06 00:11:17 INFO  org.testng.internal.Utils - [Utils] MethodGroupsHelper.collectMethodsByGroup() took 1 ms.
2026-06-06 00:11:17 INFO  org.testng.internal.Utils - [Utils] MethodGroupsHelper.sortMethods() took 0 ms.
2026-06-06 00:11:17 INFO  org.testng.internal.Utils - [Utils] MethodGroupsHelper.collectMethodsByGroup() took 0 ms.
2026-06-06 00:11:17 INFO  org.testng.internal.Utils - [Utils] MethodGroupsHelper.sortMethods() took 0 ms.
2026-06-06 00:11:17 INFO  org.testng.internal.Utils - [Utils] MethodGroupsHelper.collectMethodsByGroup() took 0 ms.
2026-06-06 00:11:17 INFO  org.testng.internal.Utils - [Utils] MethodGroupsHelper.sortMethods() took 0 ms.
2026-06-06 00:11:17 INFO  org.testng.internal.Utils - [TestNG] Running:
  /private/var/folders/1m/l_rj06c54fsbr6kjbknyg9700000gn/T/testng-eclipse--2067178867/testng-customsuite.xml

2026-06-06 00:11:17 INFO  org.testng.internal.Utils - [Utils] DynamicGraphHelper.createDynamicGraph() took 4 ms.
2026-06-06 00:11:17 INFO  utilities.TestLogger - 
=========================================
MODULE 4 : TRANSACTIONS
=========================================

2026-06-06 00:11:19 INFO  io.github.bonigarcia.wdm.WebDriverManager - Using chromedriver 148.0.7778.178 (resolved driver for Chrome 148)
2026-06-06 00:11:19 INFO  io.github.bonigarcia.wdm.WebDriverManager - Exporting webdriver.chrome.driver as /Users/ritiksoni/.cache/selenium/chromedriver/mac64/148.0.7778.178/chromedriver
2026-06-06 00:12:08 INFO  utilities.TestLogger - Customer ID : 50584
Account ID : 183169

⚠️ SCENARIO 1 : DEPOSIT MONEY - BLOCKED
Reason : Guru99 Application returned HTTP 500

=========================================
MODULE 4 COMPLETED
=========================================

2026-06-06 00:12:08 INFO  org.testng.internal.Utils - [TestNG] Time taken by org.testng.reporters.jq.Main@202d9236: 64 ms
2026-06-06 00:12:08 INFO  org.testng.internal.Utils - [TestNG] Time taken by org.testng.reporters.FailedReporter@432af457: 2 ms
2026-06-06 00:12:08 INFO  org.testng.internal.Utils - [TestNG] Time taken by org.testng.reporters.XMLReporter@6b321262: 7 ms
2026-06-06 00:12:08 INFO  org.testng.internal.Utils - [TestNG] Time taken by org.testng.reporters.EmailableReporter2@66e21568: 16 ms
2026-06-06 00:12:08 INFO  org.testng.internal.Utils - [TestNG] Time taken by org.testng.reporters.JUnitReportReporter@3d615b2e: 6 ms
2026-06-06 00:12:08 INFO  org.testng.internal.Utils - [TestNG] Time taken by org.testng.internal.ExitCodeListener@3a1f2a1: 0 ms
2026-06-06 00:20:54 INFO  org.testng.internal.Utils - [TestNG] Running:
  /Users/ritiksoni/Capstone_Guru99/Guru99BankFramework/testng.xml

2026-06-06 00:20:54 INFO  utilities.TestLogger - 
=========================================
MODULE 1 : LOGIN
=========================================

2026-06-06 00:20:56 INFO  io.github.bonigarcia.wdm.WebDriverManager - Using chromedriver 148.0.7778.178 (resolved driver for Chrome 148)
2026-06-06 00:20:56 INFO  io.github.bonigarcia.wdm.WebDriverManager - Exporting webdriver.chrome.driver as /Users/ritiksoni/.cache/selenium/chromedriver/mac64/148.0.7778.178/chromedriver
2026-06-06 00:21:27 INFO  utilities.TestLogger - ✅ SCENARIO 1 : VALID LOGIN - PASSED

2026-06-06 00:21:28 INFO  io.github.bonigarcia.wdm.WebDriverManager - Using chromedriver 148.0.7778.178 (resolved driver for Chrome 148)
2026-06-06 00:21:28 INFO  io.github.bonigarcia.wdm.WebDriverManager - Exporting webdriver.chrome.driver as /Users/ritiksoni/.cache/selenium/chromedriver/mac64/148.0.7778.178/chromedriver
2026-06-06 00:21:59 INFO  utilities.TestLogger - Alert Message : User or Password is not valid
✅ SCENARIO 2 : INVALID LOGIN - PASSED

2026-06-06 00:21:59 INFO  io.github.bonigarcia.wdm.WebDriverManager - Using chromedriver 148.0.7778.178 (resolved driver for Chrome 148)
2026-06-06 00:21:59 INFO  io.github.bonigarcia.wdm.WebDriverManager - Exporting webdriver.chrome.driver as /Users/ritiksoni/.cache/selenium/chromedriver/mac64/148.0.7778.178/chromedriver
2026-06-06 00:43:06 INFO  org.testng.internal.Utils - [TestNG] Running:
  /Users/ritiksoni/Capstone_Guru99/Guru99BankFramework/testng.xml

2026-06-06 00:43:06 INFO  utilities.TestLogger - 
=========================================
MODULE 1 : LOGIN
=========================================

2026-06-06 00:43:07 INFO  io.github.bonigarcia.wdm.WebDriverManager - Using chromedriver 148.0.7778.178 (resolved driver for Chrome 148)
2026-06-06 00:43:07 INFO  io.github.bonigarcia.wdm.WebDriverManager - Exporting webdriver.chrome.driver as /Users/ritiksoni/.cache/selenium/chromedriver/mac64/148.0.7778.178/chromedriver
2026-06-06 00:43:41 INFO  utilities.TestLogger - ✅ SCENARIO 1 : VALID LOGIN - PASSED

2026-06-06 00:43:41 INFO  io.github.bonigarcia.wdm.WebDriverManager - Using chromedriver 148.0.7778.178 (resolved driver for Chrome 148)
2026-06-06 00:43:41 INFO  io.github.bonigarcia.wdm.WebDriverManager - Exporting webdriver.chrome.driver as /Users/ritiksoni/.cache/selenium/chromedriver/mac64/148.0.7778.178/chromedriver
2026-06-06 00:44:10 INFO  utilities.TestLogger - Alert Message : User or Password is not valid
✅ SCENARIO 2 : INVALID LOGIN - PASSED

2026-06-06 00:44:11 INFO  io.github.bonigarcia.wdm.WebDriverManager - Using chromedriver 148.0.7778.178 (resolved driver for Chrome 148)
2026-06-06 00:44:11 INFO  io.github.bonigarcia.wdm.WebDriverManager - Exporting webdriver.chrome.driver as /Users/ritiksoni/.cache/selenium/chromedriver/mac64/148.0.7778.178/chromedriver
2026-06-06 00:44:34 INFO  utilities.TestLogger - Validation Message : 
✅ SCENARIO 3 : EMPTY FIELDS - PASSED

2026-06-06 00:44:34 INFO  utilities.TestLogger - 
=========================================
MODULE 1 COMPLETED
=========================================

2026-06-06 00:44:34 INFO  utilities.TestLogger - 
==================================================
MODULE 2 : CUSTOMER CREATION
==================================================

2026-06-06 00:44:35 INFO  io.github.bonigarcia.wdm.WebDriverManager - Using chromedriver 148.0.7778.178 (resolved driver for Chrome 148)
2026-06-06 00:44:35 INFO  io.github.bonigarcia.wdm.WebDriverManager - Exporting webdriver.chrome.driver as /Users/ritiksoni/.cache/selenium/chromedriver/mac64/148.0.7778.178/chromedriver
2026-06-06 00:45:18 INFO  utilities.TestLogger - 
MODULE 2 STATUS : PASS ✅

2026-06-06 00:45:18 INFO  utilities.TestLogger - 
==================================================
MODULE 3 : ACCOUNT MANAGEMENT
==================================================

2026-06-06 00:45:18 INFO  io.github.bonigarcia.wdm.WebDriverManager - Using chromedriver 148.0.7778.178 (resolved driver for Chrome 148)
2026-06-06 00:45:18 INFO  io.github.bonigarcia.wdm.WebDriverManager - Exporting webdriver.chrome.driver as /Users/ritiksoni/.cache/selenium/chromedriver/mac64/148.0.7778.178/chromedriver
2026-06-06 00:45:32 INFO  org.testng.internal.Utils - [Utils] MethodGroupsHelper.collectMethodsByGroup() took 1 ms.
2026-06-06 00:45:32 INFO  org.testng.internal.Utils - [Utils] MethodGroupsHelper.sortMethods() took 0 ms.
2026-06-06 00:45:32 INFO  org.testng.internal.Utils - [Utils] MethodGroupsHelper.collectMethodsByGroup() took 0 ms.
2026-06-06 00:45:32 INFO  org.testng.internal.Utils - [Utils] MethodGroupsHelper.sortMethods() took 0 ms.
2026-06-06 00:45:32 INFO  org.testng.internal.Utils - [Utils] MethodGroupsHelper.collectMethodsByGroup() took 0 ms.
2026-06-06 00:45:32 INFO  org.testng.internal.Utils - [Utils] MethodGroupsHelper.sortMethods() took 0 ms.
2026-06-06 00:45:32 INFO  org.testng.internal.Utils - [Utils] MethodGroupsHelper.collectMethodsByGroup() took 0 ms.
2026-06-06 00:45:32 INFO  org.testng.internal.Utils - [Utils] MethodGroupsHelper.sortMethods() took 0 ms.
2026-06-06 00:45:32 INFO  org.testng.internal.Utils - [Utils] MethodGroupsHelper.collectMethodsByGroup() took 2 ms.
2026-06-06 00:45:32 INFO  org.testng.internal.Utils - [Utils] MethodGroupsHelper.sortMethods() took 20 ms.
2026-06-06 00:45:32 INFO  org.testng.internal.Utils - [Utils] MethodGroupsHelper.collectMethodsByGroup() took 0 ms.
2026-06-06 00:45:32 INFO  org.testng.internal.Utils - [Utils] MethodGroupsHelper.sortMethods() took 0 ms.
2026-06-06 00:45:32 INFO  org.testng.internal.Utils - [Utils] MethodGroupsHelper.collectMethodsByGroup() took 0 ms.
2026-06-06 00:45:32 INFO  org.testng.internal.Utils - [Utils] MethodGroupsHelper.sortMethods() took 0 ms.
2026-06-06 00:45:32 INFO  org.testng.internal.Utils - [Utils] MethodGroupsHelper.collectMethodsByGroup() took 0 ms.
2026-06-06 00:45:32 INFO  org.testng.internal.Utils - [Utils] MethodGroupsHelper.sortMethods() took 0 ms.
2026-06-06 00:45:32 INFO  org.testng.internal.Utils - [Utils] MethodGroupsHelper.collectMethodsByGroup() took 0 ms.
2026-06-06 00:45:32 INFO  org.testng.internal.Utils - [Utils] MethodGroupsHelper.sortMethods() took 0 ms.
2026-06-06 00:45:32 INFO  org.testng.internal.Utils - [Utils] MethodGroupsHelper.collectMethodsByGroup() took 0 ms.
2026-06-06 00:45:32 INFO  org.testng.internal.Utils - [Utils] MethodGroupsHelper.sortMethods() took 0 ms.
2026-06-06 00:45:32 INFO  org.testng.internal.Utils - [Utils] MethodGroupsHelper.collectMethodsByGroup() took 0 ms.
2026-06-06 00:45:32 INFO  org.testng.internal.Utils - [Utils] MethodGroupsHelper.sortMethods() took 0 ms.
2026-06-06 00:45:32 INFO  org.testng.internal.Utils - [Utils] MethodGroupsHelper.collectMethodsByGroup() took 0 ms.
2026-06-06 00:45:32 INFO  org.testng.internal.Utils - [Utils] MethodGroupsHelper.sortMethods() took 0 ms.
2026-06-06 00:45:32 INFO  org.testng.internal.Utils - [Utils] MethodGroupsHelper.collectMethodsByGroup() took 2 ms.
2026-06-06 00:45:32 INFO  org.testng.internal.Utils - [Utils] MethodGroupsHelper.sortMethods() took 14 ms.
2026-06-06 00:45:32 INFO  org.testng.internal.Utils - [Utils] MethodGroupsHelper.collectMethodsByGroup() took 0 ms.
2026-06-06 00:45:32 INFO  org.testng.internal.Utils - [Utils] MethodGroupsHelper.sortMethods() took 0 ms.
2026-06-06 00:45:32 INFO  org.testng.internal.Utils - [Utils] MethodGroupsHelper.collectMethodsByGroup() took 0 ms.
2026-06-06 00:45:32 INFO  org.testng.internal.Utils - [Utils] MethodGroupsHelper.sortMethods() took 0 ms.
2026-06-06 00:45:32 INFO  org.testng.internal.Utils - [TestNG] Running:
  /private/var/folders/1m/l_rj06c54fsbr6kjbknyg9700000gn/T/testng-eclipse-1365307802/testng-customsuite.xml

2026-06-06 00:45:32 INFO  org.testng.internal.Utils - [Utils] DynamicGraphHelper.createDynamicGraph() took 6 ms.
2026-06-06 00:45:33 INFO  io.github.bonigarcia.wdm.WebDriverManager - Using chromedriver 148.0.7778.178 (resolved driver for Chrome 148)
2026-06-06 00:45:34 INFO  io.github.bonigarcia.wdm.WebDriverManager - Exporting webdriver.chrome.driver as /Users/ritiksoni/.cache/selenium/chromedriver/mac64/148.0.7778.178/chromedriver
2026-06-06 00:46:05 INFO  io.github.bonigarcia.wdm.WebDriverManager - Using chromedriver 148.0.7778.178 (resolved driver for Chrome 148)
2026-06-06 00:46:05 INFO  io.github.bonigarcia.wdm.WebDriverManager - Exporting webdriver.chrome.driver as /Users/ritiksoni/.cache/selenium/chromedriver/mac64/148.0.7778.178/chromedriver
2026-06-06 00:46:51 INFO  org.testng.internal.Utils - [Utils] MethodGroupsHelper.collectMethodsByGroup() took 0 ms.
2026-06-06 00:46:51 INFO  org.testng.internal.Utils - [Utils] MethodGroupsHelper.sortMethods() took 0 ms.
2026-06-06 00:46:51 INFO  org.testng.internal.Utils - [Utils] MethodGroupsHelper.collectMethodsByGroup() took 0 ms.
2026-06-06 00:46:51 INFO  org.testng.internal.Utils - [Utils] MethodGroupsHelper.sortMethods() took 0 ms.
2026-06-06 00:46:51 INFO  org.testng.internal.Utils - [Utils] MethodGroupsHelper.collectMethodsByGroup() took 0 ms.
2026-06-06 00:46:51 INFO  org.testng.internal.Utils - [Utils] MethodGroupsHelper.sortMethods() took 0 ms.
2026-06-06 00:46:51 INFO  org.testng.internal.Utils - [Utils] MethodGroupsHelper.collectMethodsByGroup() took 0 ms.
2026-06-06 00:46:51 INFO  org.testng.internal.Utils - [Utils] MethodGroupsHelper.sortMethods() took 0 ms.
2026-06-06 00:46:51 INFO  org.testng.internal.Utils - [Utils] MethodGroupsHelper.collectMethodsByGroup() took 0 ms.
2026-06-06 00:46:51 INFO  org.testng.internal.Utils - [Utils] MethodGroupsHelper.sortMethods() took 0 ms.
2026-06-06 00:46:51 INFO  org.testng.internal.Utils - [Utils] MethodGroupsHelper.collectMethodsByGroup() took 4 ms.
2026-06-06 00:46:51 INFO  org.testng.internal.Utils - [Utils] MethodGroupsHelper.sortMethods() took 19 ms.
2026-06-06 00:46:51 INFO  org.testng.internal.Utils - [Utils] MethodGroupsHelper.collectMethodsByGroup() took 0 ms.
2026-06-06 00:46:51 INFO  org.testng.internal.Utils - [Utils] MethodGroupsHelper.sortMethods() took 0 ms.
2026-06-06 00:46:51 INFO  org.testng.internal.Utils - [Utils] MethodGroupsHelper.collectMethodsByGroup() took 0 ms.
2026-06-06 00:46:51 INFO  org.testng.internal.Utils - [Utils] MethodGroupsHelper.sortMethods() took 0 ms.
2026-06-06 00:46:51 INFO  org.testng.internal.Utils - [Utils] MethodGroupsHelper.collectMethodsByGroup() took 0 ms.
2026-06-06 00:46:51 INFO  org.testng.internal.Utils - [Utils] MethodGroupsHelper.sortMethods() took 0 ms.
2026-06-06 00:46:51 INFO  org.testng.internal.Utils - [Utils] MethodGroupsHelper.collectMethodsByGroup() took 0 ms.
2026-06-06 00:46:51 INFO  org.testng.internal.Utils - [Utils] MethodGroupsHelper.sortMethods() took 0 ms.
2026-06-06 00:46:51 INFO  org.testng.internal.Utils - [Utils] MethodGroupsHelper.collectMethodsByGroup() took 0 ms.
2026-06-06 00:46:51 INFO  org.testng.internal.Utils - [Utils] MethodGroupsHelper.sortMethods() took 0 ms.
2026-06-06 00:46:51 INFO  org.testng.internal.Utils - [Utils] MethodGroupsHelper.collectMethodsByGroup() took 0 ms.
2026-06-06 00:46:51 INFO  org.testng.internal.Utils - [Utils] MethodGroupsHelper.sortMethods() took 0 ms.
2026-06-06 00:46:51 INFO  org.testng.internal.Utils - [Utils] MethodGroupsHelper.collectMethodsByGroup() took 3 ms.
2026-06-06 00:46:51 INFO  org.testng.internal.Utils - [Utils] MethodGroupsHelper.sortMethods() took 9 ms.
2026-06-06 00:46:51 INFO  org.testng.internal.Utils - [Utils] MethodGroupsHelper.collectMethodsByGroup() took 0 ms.
2026-06-06 00:46:51 INFO  org.testng.internal.Utils - [Utils] MethodGroupsHelper.sortMethods() took 0 ms.
2026-06-06 00:46:51 INFO  org.testng.internal.Utils - [Utils] MethodGroupsHelper.collectMethodsByGroup() took 0 ms.
2026-06-06 00:46:51 INFO  org.testng.internal.Utils - [Utils] MethodGroupsHelper.sortMethods() took 0 ms.
2026-06-06 00:46:51 INFO  org.testng.internal.Utils - [TestNG] Running:
  /private/var/folders/1m/l_rj06c54fsbr6kjbknyg9700000gn/T/testng-eclipse--1268390365/testng-customsuite.xml

2026-06-06 00:46:51 INFO  org.testng.internal.Utils - [Utils] DynamicGraphHelper.createDynamicGraph() took 4 ms.
2026-06-06 00:46:52 INFO  io.github.bonigarcia.wdm.WebDriverManager - Using chromedriver 148.0.7778.178 (resolved driver for Chrome 148)
2026-06-06 00:46:52 INFO  io.github.bonigarcia.wdm.WebDriverManager - Exporting webdriver.chrome.driver as /Users/ritiksoni/.cache/selenium/chromedriver/mac64/148.0.7778.178/chromedriver
2026-06-06 00:47:24 INFO  io.github.bonigarcia.wdm.WebDriverManager - Using chromedriver 148.0.7778.178 (resolved driver for Chrome 148)
2026-06-06 00:47:24 INFO  io.github.bonigarcia.wdm.WebDriverManager - Exporting webdriver.chrome.driver as /Users/ritiksoni/.cache/selenium/chromedriver/mac64/148.0.7778.178/chromedriver
2026-06-06 00:47:52 INFO  io.github.bonigarcia.wdm.WebDriverManager - Using chromedriver 148.0.7778.178 (resolved driver for Chrome 148)
2026-06-06 00:47:52 INFO  io.github.bonigarcia.wdm.WebDriverManager - Exporting webdriver.chrome.driver as /Users/ritiksoni/.cache/selenium/chromedriver/mac64/148.0.7778.178/chromedriver
2026-06-06 00:48:16 INFO  org.testng.internal.Utils - [TestNG] Time taken by org.testng.reporters.jq.Main@637791d: 122 ms
2026-06-06 00:48:16 INFO  org.testng.internal.Utils - [TestNG] Time taken by org.testng.reporters.FailedReporter@2574a9e3: 5 ms
2026-06-06 00:48:16 INFO  org.testng.internal.Utils - [TestNG] Time taken by org.testng.reporters.XMLReporter@d13960e: 13 ms
2026-06-06 00:48:16 INFO  org.testng.internal.Utils - [TestNG] Time taken by org.testng.reporters.EmailableReporter2@33d60b7e: 7 ms
2026-06-06 00:48:16 INFO  org.testng.internal.Utils - [TestNG] Time taken by org.testng.reporters.JUnitReportReporter@59a2388e: 7 ms
2026-06-06 00:48:16 INFO  org.testng.internal.Utils - [TestNG] Time taken by org.testng.internal.ExitCodeListener@186d8a71: 0 ms
2026-06-06 01:03:30 INFO  org.testng.internal.Utils - [Utils] MethodGroupsHelper.collectMethodsByGroup() took 0 ms.
2026-06-06 01:03:30 INFO  org.testng.internal.Utils - [Utils] MethodGroupsHelper.sortMethods() took 1 ms.
2026-06-06 01:03:30 INFO  org.testng.internal.Utils - [Utils] MethodGroupsHelper.collectMethodsByGroup() took 0 ms.
2026-06-06 01:03:30 INFO  org.testng.internal.Utils - [Utils] MethodGroupsHelper.sortMethods() took 0 ms.
2026-06-06 01:03:30 INFO  org.testng.internal.Utils - [Utils] MethodGroupsHelper.collectMethodsByGroup() took 0 ms.
2026-06-06 01:03:30 INFO  org.testng.internal.Utils - [Utils] MethodGroupsHelper.sortMethods() took 0 ms.
2026-06-06 01:03:30 INFO  org.testng.internal.Utils - [Utils] MethodGroupsHelper.collectMethodsByGroup() took 0 ms.
2026-06-06 01:03:30 INFO  org.testng.internal.Utils - [Utils] MethodGroupsHelper.sortMethods() took 0 ms.
2026-06-06 01:03:30 INFO  org.testng.internal.Utils - [Utils] MethodGroupsHelper.collectMethodsByGroup() took 0 ms.
2026-06-06 01:03:30 INFO  org.testng.internal.Utils - [Utils] MethodGroupsHelper.sortMethods() took 0 ms.
2026-06-06 01:03:30 INFO  org.testng.internal.Utils - [Utils] MethodGroupsHelper.collectMethodsByGroup() took 5 ms.
2026-06-06 01:03:30 INFO  org.testng.internal.Utils - [Utils] MethodGroupsHelper.sortMethods() took 18 ms.
2026-06-06 01:03:30 INFO  org.testng.internal.Utils - [Utils] MethodGroupsHelper.collectMethodsByGroup() took 0 ms.
2026-06-06 01:03:30 INFO  org.testng.internal.Utils - [Utils] MethodGroupsHelper.sortMethods() took 0 ms.
2026-06-06 01:03:30 INFO  org.testng.internal.Utils - [Utils] MethodGroupsHelper.collectMethodsByGroup() took 0 ms.
2026-06-06 01:03:30 INFO  org.testng.internal.Utils - [Utils] MethodGroupsHelper.sortMethods() took 0 ms.
2026-06-06 01:03:30 INFO  org.testng.internal.Utils - [Utils] MethodGroupsHelper.collectMethodsByGroup() took 0 ms.
2026-06-06 01:03:30 INFO  org.testng.internal.Utils - [Utils] MethodGroupsHelper.sortMethods() took 0 ms.
2026-06-06 01:03:30 INFO  org.testng.internal.Utils - [Utils] MethodGroupsHelper.collectMethodsByGroup() took 0 ms.
2026-06-06 01:03:30 INFO  org.testng.internal.Utils - [Utils] MethodGroupsHelper.sortMethods() took 0 ms.
2026-06-06 01:03:30 INFO  org.testng.internal.Utils - [Utils] MethodGroupsHelper.collectMethodsByGroup() took 0 ms.
2026-06-06 01:03:30 INFO  org.testng.internal.Utils - [Utils] MethodGroupsHelper.sortMethods() took 0 ms.
2026-06-06 01:03:30 INFO  org.testng.internal.Utils - [Utils] MethodGroupsHelper.collectMethodsByGroup() took 0 ms.
2026-06-06 01:03:30 INFO  org.testng.internal.Utils - [Utils] MethodGroupsHelper.sortMethods() took 0 ms.
2026-06-06 01:03:30 INFO  org.testng.internal.Utils - [Utils] MethodGroupsHelper.collectMethodsByGroup() took 1 ms.
2026-06-06 01:03:30 INFO  org.testng.internal.Utils - [Utils] MethodGroupsHelper.sortMethods() took 0 ms.
2026-06-06 01:03:30 INFO  org.testng.internal.Utils - [Utils] MethodGroupsHelper.collectMethodsByGroup() took 0 ms.
2026-06-06 01:03:30 INFO  org.testng.internal.Utils - [Utils] MethodGroupsHelper.sortMethods() took 0 ms.
2026-06-06 01:03:30 INFO  org.testng.internal.Utils - [Utils] MethodGroupsHelper.collectMethodsByGroup() took 0 ms.
2026-06-06 01:03:30 INFO  org.testng.internal.Utils - [Utils] MethodGroupsHelper.sortMethods() took 0 ms.
2026-06-06 01:03:30 INFO  org.testng.internal.Utils - [TestNG] Running:
  /private/var/folders/1m/l_rj06c54fsbr6kjbknyg9700000gn/T/testng-eclipse--1330907987/testng-customsuite.xml

2026-06-06 01:03:30 INFO  org.testng.internal.Utils - [Utils] DynamicGraphHelper.createDynamicGraph() took 5 ms.
2026-06-06 01:03:33 INFO  io.github.bonigarcia.wdm.WebDriverManager - Using chromedriver 148.0.7778.178 (resolved driver for Chrome 148)
2026-06-06 01:03:33 INFO  io.github.bonigarcia.wdm.WebDriverManager - Exporting webdriver.chrome.driver as /Users/ritiksoni/.cache/selenium/chromedriver/mac64/148.0.7778.178/chromedriver
2026-06-06 01:04:10 INFO  org.testng.internal.Utils - [TestNG] Time taken by org.testng.reporters.jq.Main@600f5704: 90 ms
2026-06-06 01:04:10 INFO  org.testng.internal.Utils - [TestNG] Time taken by org.testng.reporters.FailedReporter@5e1fc42f: 4 ms
2026-06-06 01:04:10 INFO  org.testng.internal.Utils - [TestNG] Time taken by org.testng.reporters.XMLReporter@4b0b64cc: 8 ms
2026-06-06 01:04:10 INFO  org.testng.internal.Utils - [TestNG] Time taken by org.testng.reporters.EmailableReporter2@57f847af: 8 ms
2026-06-06 01:04:10 INFO  org.testng.internal.Utils - [TestNG] Time taken by org.testng.reporters.JUnitReportReporter@4afbb6c2: 5 ms
2026-06-06 01:04:10 INFO  org.testng.internal.Utils - [TestNG] Time taken by org.testng.internal.ExitCodeListener@10db6131: 0 ms
2026-06-06 01:08:45 INFO  org.testng.internal.Utils - [Utils] MethodGroupsHelper.collectMethodsByGroup() took 0 ms.
2026-06-06 01:08:45 INFO  org.testng.internal.Utils - [Utils] MethodGroupsHelper.sortMethods() took 0 ms.
2026-06-06 01:08:45 INFO  org.testng.internal.Utils - [Utils] MethodGroupsHelper.collectMethodsByGroup() took 0 ms.
2026-06-06 01:08:45 INFO  org.testng.internal.Utils - [Utils] MethodGroupsHelper.sortMethods() took 0 ms.
2026-06-06 01:08:45 INFO  org.testng.internal.Utils - [Utils] MethodGroupsHelper.collectMethodsByGroup() took 0 ms.
2026-06-06 01:08:45 INFO  org.testng.internal.Utils - [Utils] MethodGroupsHelper.sortMethods() took 0 ms.
2026-06-06 01:08:45 INFO  org.testng.internal.Utils - [Utils] MethodGroupsHelper.collectMethodsByGroup() took 0 ms.
2026-06-06 01:08:45 INFO  org.testng.internal.Utils - [Utils] MethodGroupsHelper.sortMethods() took 0 ms.
2026-06-06 01:08:45 INFO  org.testng.internal.Utils - [Utils] MethodGroupsHelper.collectMethodsByGroup() took 7 ms.
2026-06-06 01:08:45 INFO  org.testng.internal.Utils - [Utils] MethodGroupsHelper.sortMethods() took 17 ms.
2026-06-06 01:08:45 INFO  org.testng.internal.Utils - [Utils] MethodGroupsHelper.collectMethodsByGroup() took 0 ms.
2026-06-06 01:08:45 INFO  org.testng.internal.Utils - [Utils] MethodGroupsHelper.sortMethods() took 0 ms.
2026-06-06 01:08:45 INFO  org.testng.internal.Utils - [Utils] MethodGroupsHelper.collectMethodsByGroup() took 0 ms.
2026-06-06 01:08:45 INFO  org.testng.internal.Utils - [Utils] MethodGroupsHelper.sortMethods() took 0 ms.
2026-06-06 01:08:45 INFO  org.testng.internal.Utils - [Utils] MethodGroupsHelper.collectMethodsByGroup() took 0 ms.
2026-06-06 01:08:45 INFO  org.testng.internal.Utils - [Utils] MethodGroupsHelper.sortMethods() took 0 ms.
2026-06-06 01:08:45 INFO  org.testng.internal.Utils - [Utils] MethodGroupsHelper.collectMethodsByGroup() took 0 ms.
2026-06-06 01:08:45 INFO  org.testng.internal.Utils - [Utils] MethodGroupsHelper.sortMethods() took 0 ms.
2026-06-06 01:08:45 INFO  org.testng.internal.Utils - [Utils] MethodGroupsHelper.collectMethodsByGroup() took 0 ms.
2026-06-06 01:08:45 INFO  org.testng.internal.Utils - [Utils] MethodGroupsHelper.sortMethods() took 0 ms.
2026-06-06 01:08:45 INFO  org.testng.internal.Utils - [Utils] MethodGroupsHelper.collectMethodsByGroup() took 0 ms.
2026-06-06 01:08:45 INFO  org.testng.internal.Utils - [Utils] MethodGroupsHelper.sortMethods() took 0 ms.
2026-06-06 01:08:45 INFO  org.testng.internal.Utils - [Utils] MethodGroupsHelper.collectMethodsByGroup() took 0 ms.
2026-06-06 01:08:45 INFO  org.testng.internal.Utils - [Utils] MethodGroupsHelper.sortMethods() took 0 ms.
2026-06-06 01:08:45 INFO  org.testng.internal.Utils - [Utils] MethodGroupsHelper.collectMethodsByGroup() took 4 ms.
2026-06-06 01:08:45 INFO  org.testng.internal.Utils - [Utils] MethodGroupsHelper.sortMethods() took 11 ms.
2026-06-06 01:08:45 INFO  org.testng.internal.Utils - [Utils] MethodGroupsHelper.collectMethodsByGroup() took 0 ms.
2026-06-06 01:08:45 INFO  org.testng.internal.Utils - [Utils] MethodGroupsHelper.sortMethods() took 0 ms.
2026-06-06 01:08:45 INFO  org.testng.internal.Utils - [Utils] MethodGroupsHelper.collectMethodsByGroup() took 0 ms.
2026-06-06 01:08:45 INFO  org.testng.internal.Utils - [Utils] MethodGroupsHelper.sortMethods() took 0 ms.
2026-06-06 01:08:45 INFO  org.testng.internal.Utils - [TestNG] Running:
  /private/var/folders/1m/l_rj06c54fsbr6kjbknyg9700000gn/T/testng-eclipse-1870478697/testng-customsuite.xml

2026-06-06 01:08:45 INFO  org.testng.internal.Utils - [Utils] DynamicGraphHelper.createDynamicGraph() took 4 ms.
2026-06-06 01:08:46 INFO  io.github.bonigarcia.wdm.WebDriverManager - Using chromedriver 148.0.7778.178 (resolved driver for Chrome 148)
2026-06-06 01:08:46 INFO  io.github.bonigarcia.wdm.WebDriverManager - Exporting webdriver.chrome.driver as /Users/ritiksoni/.cache/selenium/chromedriver/mac64/148.0.7778.178/chromedriver
2026-06-06 01:09:23 INFO  org.testng.internal.Utils - [TestNG] Time taken by org.testng.reporters.jq.Main@60bbacfc: 73 ms
2026-06-06 01:09:23 INFO  org.testng.internal.Utils - [TestNG] Time taken by org.testng.reporters.FailedReporter@476fe690: 2 ms
2026-06-06 01:09:23 INFO  org.testng.internal.Utils - [TestNG] Time taken by org.testng.reporters.XMLReporter@71a06021: 9 ms
2026-06-06 01:09:23 INFO  org.testng.internal.Utils - [TestNG] Time taken by org.testng.reporters.EmailableReporter2@6dd1c3ed: 5 ms
2026-06-06 01:09:23 INFO  org.testng.internal.Utils - [TestNG] Time taken by org.testng.reporters.JUnitReportReporter@3dffc764: 5 ms
2026-06-06 01:09:23 INFO  org.testng.internal.Utils - [TestNG] Time taken by org.testng.internal.ExitCodeListener@4b6e1c0: 0 ms
2026-06-06 01:10:08 INFO  org.testng.internal.Utils - [Utils] MethodGroupsHelper.collectMethodsByGroup() took 0 ms.
2026-06-06 01:10:08 INFO  org.testng.internal.Utils - [Utils] MethodGroupsHelper.sortMethods() took 1 ms.
2026-06-06 01:10:08 INFO  org.testng.internal.Utils - [Utils] MethodGroupsHelper.collectMethodsByGroup() took 0 ms.
2026-06-06 01:10:08 INFO  org.testng.internal.Utils - [Utils] MethodGroupsHelper.sortMethods() took 0 ms.
2026-06-06 01:10:08 INFO  org.testng.internal.Utils - [Utils] MethodGroupsHelper.collectMethodsByGroup() took 0 ms.
2026-06-06 01:10:08 INFO  org.testng.internal.Utils - [Utils] MethodGroupsHelper.sortMethods() took 0 ms.
2026-06-06 01:10:08 INFO  org.testng.internal.Utils - [Utils] MethodGroupsHelper.collectMethodsByGroup() took 0 ms.
2026-06-06 01:10:08 INFO  org.testng.internal.Utils - [Utils] MethodGroupsHelper.sortMethods() took 0 ms.
2026-06-06 01:10:08 INFO  org.testng.internal.Utils - [Utils] MethodGroupsHelper.collectMethodsByGroup() took 5 ms.
2026-06-06 01:10:08 INFO  org.testng.internal.Utils - [Utils] MethodGroupsHelper.sortMethods() took 19 ms.
2026-06-06 01:10:08 INFO  org.testng.internal.Utils - [Utils] MethodGroupsHelper.collectMethodsByGroup() took 0 ms.
2026-06-06 01:10:08 INFO  org.testng.internal.Utils - [Utils] MethodGroupsHelper.sortMethods() took 1 ms.
2026-06-06 01:10:08 INFO  org.testng.internal.Utils - [Utils] MethodGroupsHelper.collectMethodsByGroup() took 0 ms.
2026-06-06 01:10:08 INFO  org.testng.internal.Utils - [Utils] MethodGroupsHelper.sortMethods() took 0 ms.
2026-06-06 01:10:08 INFO  org.testng.internal.Utils - [Utils] MethodGroupsHelper.collectMethodsByGroup() took 0 ms.
2026-06-06 01:10:08 INFO  org.testng.internal.Utils - [Utils] MethodGroupsHelper.sortMethods() took 0 ms.
2026-06-06 01:10:08 INFO  org.testng.internal.Utils - [Utils] MethodGroupsHelper.collectMethodsByGroup() took 0 ms.
2026-06-06 01:10:08 INFO  org.testng.internal.Utils - [Utils] MethodGroupsHelper.sortMethods() took 0 ms.
2026-06-06 01:10:08 INFO  org.testng.internal.Utils - [Utils] MethodGroupsHelper.collectMethodsByGroup() took 0 ms.
2026-06-06 01:10:08 INFO  org.testng.internal.Utils - [Utils] MethodGroupsHelper.sortMethods() took 0 ms.
2026-06-06 01:10:08 INFO  org.testng.internal.Utils - [Utils] MethodGroupsHelper.collectMethodsByGroup() took 0 ms.
2026-06-06 01:10:08 INFO  org.testng.internal.Utils - [Utils] MethodGroupsHelper.sortMethods() took 0 ms.
2026-06-06 01:10:08 INFO  org.testng.internal.Utils - [Utils] MethodGroupsHelper.collectMethodsByGroup() took 0 ms.
2026-06-06 01:10:08 INFO  org.testng.internal.Utils - [Utils] MethodGroupsHelper.sortMethods() took 0 ms.
2026-06-06 01:10:08 INFO  org.testng.internal.Utils - [Utils] MethodGroupsHelper.collectMethodsByGroup() took 2 ms.
2026-06-06 01:10:08 INFO  org.testng.internal.Utils - [Utils] MethodGroupsHelper.sortMethods() took 0 ms.
2026-06-06 01:10:08 INFO  org.testng.internal.Utils - [Utils] MethodGroupsHelper.collectMethodsByGroup() took 0 ms.
2026-06-06 01:10:08 INFO  org.testng.internal.Utils - [Utils] MethodGroupsHelper.sortMethods() took 0 ms.
2026-06-06 01:10:08 INFO  org.testng.internal.Utils - [Utils] MethodGroupsHelper.collectMethodsByGroup() took 0 ms.
2026-06-06 01:10:08 INFO  org.testng.internal.Utils - [Utils] MethodGroupsHelper.sortMethods() took 0 ms.
2026-06-06 01:10:09 INFO  org.testng.internal.Utils - [TestNG] Running:
  /private/var/folders/1m/l_rj06c54fsbr6kjbknyg9700000gn/T/testng-eclipse--1083364491/testng-customsuite.xml

2026-06-06 01:10:09 INFO  org.testng.internal.Utils - [Utils] DynamicGraphHelper.createDynamicGraph() took 4 ms.
2026-06-06 01:10:10 INFO  io.github.bonigarcia.wdm.WebDriverManager - Using chromedriver 148.0.7778.178 (resolved driver for Chrome 148)
2026-06-06 01:10:10 INFO  io.github.bonigarcia.wdm.WebDriverManager - Exporting webdriver.chrome.driver as /Users/ritiksoni/.cache/selenium/chromedriver/mac64/148.0.7778.178/chromedriver
2026-06-06 01:12:32 INFO  org.testng.internal.Utils - [Utils] MethodGroupsHelper.collectMethodsByGroup() took 0 ms.
2026-06-06 01:12:32 INFO  org.testng.internal.Utils - [Utils] MethodGroupsHelper.sortMethods() took 0 ms.
2026-06-06 01:12:32 INFO  org.testng.internal.Utils - [Utils] MethodGroupsHelper.collectMethodsByGroup() took 0 ms.
2026-06-06 01:12:32 INFO  org.testng.internal.Utils - [Utils] MethodGroupsHelper.sortMethods() took 0 ms.
2026-06-06 01:12:32 INFO  org.testng.internal.Utils - [Utils] MethodGroupsHelper.collectMethodsByGroup() took 0 ms.
2026-06-06 01:12:32 INFO  org.testng.internal.Utils - [Utils] MethodGroupsHelper.sortMethods() took 0 ms.
2026-06-06 01:12:32 INFO  org.testng.internal.Utils - [Utils] MethodGroupsHelper.collectMethodsByGroup() took 0 ms.
2026-06-06 01:12:32 INFO  org.testng.internal.Utils - [Utils] MethodGroupsHelper.sortMethods() took 0 ms.
2026-06-06 01:12:32 INFO  org.testng.internal.Utils - [Utils] MethodGroupsHelper.collectMethodsByGroup() took 0 ms.
2026-06-06 01:12:32 INFO  org.testng.internal.Utils - [Utils] MethodGroupsHelper.sortMethods() took 0 ms.
2026-06-06 01:12:32 INFO  org.testng.internal.Utils - [Utils] MethodGroupsHelper.collectMethodsByGroup() took 0 ms.
2026-06-06 01:12:32 INFO  org.testng.internal.Utils - [Utils] MethodGroupsHelper.sortMethods() took 0 ms.
2026-06-06 01:12:32 INFO  org.testng.internal.Utils - [Utils] MethodGroupsHelper.collectMethodsByGroup() took 0 ms.
2026-06-06 01:12:32 INFO  org.testng.internal.Utils - [Utils] MethodGroupsHelper.sortMethods() took 0 ms.
2026-06-06 01:12:32 INFO  org.testng.internal.Utils - [Utils] MethodGroupsHelper.collectMethodsByGroup() took 0 ms.
2026-06-06 01:12:32 INFO  org.testng.internal.Utils - [Utils] MethodGroupsHelper.sortMethods() took 0 ms.
2026-06-06 01:12:32 INFO  org.testng.internal.Utils - [Utils] MethodGroupsHelper.collectMethodsByGroup() took 4 ms.
2026-06-06 01:12:32 INFO  org.testng.internal.Utils - [Utils] MethodGroupsHelper.sortMethods() took 15 ms.
2026-06-06 01:12:32 INFO  org.testng.internal.Utils - [Utils] MethodGroupsHelper.collectMethodsByGroup() took 0 ms.
2026-06-06 01:12:32 INFO  org.testng.internal.Utils - [Utils] MethodGroupsHelper.sortMethods() took 2 ms.
2026-06-06 01:12:32 INFO  org.testng.internal.Utils - [Utils] MethodGroupsHelper.collectMethodsByGroup() took 0 ms.
2026-06-06 01:12:32 INFO  org.testng.internal.Utils - [Utils] MethodGroupsHelper.sortMethods() took 0 ms.
2026-06-06 01:12:32 INFO  org.testng.internal.Utils - [Utils] MethodGroupsHelper.collectMethodsByGroup() took 0 ms.
2026-06-06 01:12:32 INFO  org.testng.internal.Utils - [Utils] MethodGroupsHelper.sortMethods() took 0 ms.
2026-06-06 01:12:32 INFO  org.testng.internal.Utils - [Utils] MethodGroupsHelper.collectMethodsByGroup() took 1 ms.
2026-06-06 01:12:32 INFO  org.testng.internal.Utils - [Utils] MethodGroupsHelper.sortMethods() took 23 ms.
2026-06-06 01:12:32 INFO  org.testng.internal.Utils - [Utils] MethodGroupsHelper.collectMethodsByGroup() took 0 ms.
2026-06-06 01:12:32 INFO  org.testng.internal.Utils - [Utils] MethodGroupsHelper.sortMethods() took 0 ms.
2026-06-06 01:12:32 INFO  org.testng.internal.Utils - [Utils] MethodGroupsHelper.collectMethodsByGroup() took 0 ms.
2026-06-06 01:12:32 INFO  org.testng.internal.Utils - [Utils] MethodGroupsHelper.sortMethods() took 0 ms.
2026-06-06 01:12:32 INFO  org.testng.internal.Utils - [TestNG] Running:
  /private/var/folders/1m/l_rj06c54fsbr6kjbknyg9700000gn/T/testng-eclipse-620519822/testng-customsuite.xml

2026-06-06 01:12:32 INFO  org.testng.internal.Utils - [Utils] DynamicGraphHelper.createDynamicGraph() took 9 ms.
2026-06-06 01:12:33 INFO  io.github.bonigarcia.wdm.WebDriverManager - Using chromedriver 148.0.7778.178 (resolved driver for Chrome 148)
2026-06-06 01:12:33 INFO  io.github.bonigarcia.wdm.WebDriverManager - Exporting webdriver.chrome.driver as /Users/ritiksoni/.cache/selenium/chromedriver/mac64/148.0.7778.178/chromedriver
2026-06-06 01:13:12 INFO  org.testng.internal.Utils - [TestNG] Time taken by org.testng.reporters.jq.Main@3f0d6038: 57 ms
2026-06-06 01:13:12 INFO  org.testng.internal.Utils - [TestNG] Time taken by org.testng.reporters.FailedReporter@38ed139b: 28 ms
2026-06-06 01:13:12 INFO  org.testng.internal.Utils - [TestNG] Time taken by org.testng.reporters.XMLReporter@2938127d: 24 ms
2026-06-06 01:13:12 INFO  org.testng.internal.Utils - [TestNG] Time taken by org.testng.reporters.EmailableReporter2@1b956cfa: 8 ms
2026-06-06 01:13:12 INFO  org.testng.internal.Utils - [TestNG] Time taken by org.testng.reporters.JUnitReportReporter@51d387d3: 9 ms
2026-06-06 01:13:12 INFO  org.testng.internal.Utils - [TestNG] Time taken by org.testng.internal.ExitCodeListener@2370ac7a: 0 ms
2026-06-06 01:13:22 INFO  org.testng.internal.Utils - [Utils] MethodGroupsHelper.collectMethodsByGroup() took 0 ms.
2026-06-06 01:13:22 INFO  org.testng.internal.Utils - [Utils] MethodGroupsHelper.sortMethods() took 0 ms.
2026-06-06 01:13:22 INFO  org.testng.internal.Utils - [Utils] MethodGroupsHelper.collectMethodsByGroup() took 0 ms.
2026-06-06 01:13:22 INFO  org.testng.internal.Utils - [Utils] MethodGroupsHelper.sortMethods() took 0 ms.
2026-06-06 01:13:22 INFO  org.testng.internal.Utils - [Utils] MethodGroupsHelper.collectMethodsByGroup() took 0 ms.
2026-06-06 01:13:22 INFO  org.testng.internal.Utils - [Utils] MethodGroupsHelper.sortMethods() took 0 ms.
2026-06-06 01:13:22 INFO  org.testng.internal.Utils - [Utils] MethodGroupsHelper.collectMethodsByGroup() took 0 ms.
2026-06-06 01:13:22 INFO  org.testng.internal.Utils - [Utils] MethodGroupsHelper.sortMethods() took 0 ms.
2026-06-06 01:13:22 INFO  org.testng.internal.Utils - [Utils] MethodGroupsHelper.collectMethodsByGroup() took 0 ms.
2026-06-06 01:13:22 INFO  org.testng.internal.Utils - [Utils] MethodGroupsHelper.sortMethods() took 0 ms.
2026-06-06 01:13:22 INFO  org.testng.internal.Utils - [Utils] MethodGroupsHelper.collectMethodsByGroup() took 0 ms.
2026-06-06 01:13:22 INFO  org.testng.internal.Utils - [Utils] MethodGroupsHelper.sortMethods() took 0 ms.
2026-06-06 01:13:22 INFO  org.testng.internal.Utils - [Utils] MethodGroupsHelper.collectMethodsByGroup() took 0 ms.
2026-06-06 01:13:22 INFO  org.testng.internal.Utils - [Utils] MethodGroupsHelper.sortMethods() took 0 ms.
2026-06-06 01:13:22 INFO  org.testng.internal.Utils - [Utils] MethodGroupsHelper.collectMethodsByGroup() took 0 ms.
2026-06-06 01:13:22 INFO  org.testng.internal.Utils - [Utils] MethodGroupsHelper.sortMethods() took 0 ms.
2026-06-06 01:13:23 INFO  org.testng.internal.Utils - [Utils] MethodGroupsHelper.collectMethodsByGroup() took 4 ms.
2026-06-06 01:13:23 INFO  org.testng.internal.Utils - [Utils] MethodGroupsHelper.sortMethods() took 14 ms.
2026-06-06 01:13:23 INFO  org.testng.internal.Utils - [Utils] MethodGroupsHelper.collectMethodsByGroup() took 0 ms.
2026-06-06 01:13:23 INFO  org.testng.internal.Utils - [Utils] MethodGroupsHelper.sortMethods() took 1 ms.
2026-06-06 01:13:23 INFO  org.testng.internal.Utils - [Utils] MethodGroupsHelper.collectMethodsByGroup() took 0 ms.
2026-06-06 01:13:23 INFO  org.testng.internal.Utils - [Utils] MethodGroupsHelper.sortMethods() took 0 ms.
2026-06-06 01:13:23 INFO  org.testng.internal.Utils - [Utils] MethodGroupsHelper.collectMethodsByGroup() took 0 ms.
2026-06-06 01:13:23 INFO  org.testng.internal.Utils - [Utils] MethodGroupsHelper.sortMethods() took 0 ms.
2026-06-06 01:13:23 INFO  org.testng.internal.Utils - [Utils] MethodGroupsHelper.collectMethodsByGroup() took 1 ms.
2026-06-06 01:13:23 INFO  org.testng.internal.Utils - [Utils] MethodGroupsHelper.sortMethods() took 19 ms.
2026-06-06 01:13:23 INFO  org.testng.internal.Utils - [Utils] MethodGroupsHelper.collectMethodsByGroup() took 0 ms.
2026-06-06 01:13:23 INFO  org.testng.internal.Utils - [Utils] MethodGroupsHelper.sortMethods() took 0 ms.
2026-06-06 01:13:23 INFO  org.testng.internal.Utils - [Utils] MethodGroupsHelper.collectMethodsByGroup() took 0 ms.
2026-06-06 01:13:23 INFO  org.testng.internal.Utils - [Utils] MethodGroupsHelper.sortMethods() took 0 ms.
2026-06-06 01:13:23 INFO  org.testng.internal.Utils - [TestNG] Running:
  /private/var/folders/1m/l_rj06c54fsbr6kjbknyg9700000gn/T/testng-eclipse--1315659237/testng-customsuite.xml

2026-06-06 01:13:23 INFO  org.testng.internal.Utils - [Utils] DynamicGraphHelper.createDynamicGraph() took 7 ms.
2026-06-06 01:13:23 INFO  io.github.bonigarcia.wdm.WebDriverManager - Using chromedriver 148.0.7778.178 (resolved driver for Chrome 148)
2026-06-06 01:13:24 INFO  io.github.bonigarcia.wdm.WebDriverManager - Exporting webdriver.chrome.driver as /Users/ritiksoni/.cache/selenium/chromedriver/mac64/148.0.7778.178/chromedriver
2026-06-06 01:14:01 INFO  io.github.bonigarcia.wdm.WebDriverManager - Using chromedriver 148.0.7778.178 (resolved driver for Chrome 148)
2026-06-06 01:14:02 INFO  io.github.bonigarcia.wdm.WebDriverManager - Exporting webdriver.chrome.driver as /Users/ritiksoni/.cache/selenium/chromedriver/mac64/148.0.7778.178/chromedriver
2026-06-06 01:14:42 INFO  org.testng.internal.Utils - [TestNG] Time taken by org.testng.reporters.jq.Main@6f798482: 76 ms
2026-06-06 01:14:42 INFO  org.testng.internal.Utils - [TestNG] Time taken by org.testng.reporters.FailedReporter@6801b414: 17 ms
2026-06-06 01:14:42 INFO  org.testng.internal.Utils - [TestNG] Time taken by org.testng.reporters.XMLReporter@161aa04a: 12 ms
2026-06-06 01:14:42 INFO  org.testng.internal.Utils - [TestNG] Time taken by org.testng.reporters.EmailableReporter2@3c91530d: 7 ms
2026-06-06 01:14:42 INFO  org.testng.internal.Utils - [TestNG] Time taken by org.testng.reporters.JUnitReportReporter@5f96f6a2: 9 ms
2026-06-06 01:14:42 INFO  org.testng.internal.Utils - [TestNG] Time taken by org.testng.internal.ExitCodeListener@48df4071: 0 ms
2026-06-06 01:18:08 INFO  org.testng.internal.Utils - [Utils] MethodGroupsHelper.collectMethodsByGroup() took 0 ms.
2026-06-06 01:18:08 INFO  org.testng.internal.Utils - [Utils] MethodGroupsHelper.sortMethods() took 1 ms.
2026-06-06 01:18:08 INFO  org.testng.internal.Utils - [Utils] MethodGroupsHelper.collectMethodsByGroup() took 0 ms.
2026-06-06 01:18:08 INFO  org.testng.internal.Utils - [Utils] MethodGroupsHelper.sortMethods() took 0 ms.
2026-06-06 01:18:08 INFO  org.testng.internal.Utils - [Utils] MethodGroupsHelper.collectMethodsByGroup() took 0 ms.
2026-06-06 01:18:08 INFO  org.testng.internal.Utils - [Utils] MethodGroupsHelper.sortMethods() took 0 ms.
2026-06-06 01:18:08 INFO  org.testng.internal.Utils - [Utils] MethodGroupsHelper.collectMethodsByGroup() took 0 ms.
2026-06-06 01:18:08 INFO  org.testng.internal.Utils - [Utils] MethodGroupsHelper.sortMethods() took 0 ms.
2026-06-06 01:18:08 INFO  org.testng.internal.Utils - [Utils] MethodGroupsHelper.collectMethodsByGroup() took 0 ms.
2026-06-06 01:18:08 INFO  org.testng.internal.Utils - [Utils] MethodGroupsHelper.sortMethods() took 0 ms.
2026-06-06 01:18:08 INFO  org.testng.internal.Utils - [Utils] MethodGroupsHelper.collectMethodsByGroup() took 0 ms.
2026-06-06 01:18:08 INFO  org.testng.internal.Utils - [Utils] MethodGroupsHelper.sortMethods() took 0 ms.
2026-06-06 01:18:08 INFO  org.testng.internal.Utils - [Utils] MethodGroupsHelper.collectMethodsByGroup() took 0 ms.
2026-06-06 01:18:08 INFO  org.testng.internal.Utils - [Utils] MethodGroupsHelper.sortMethods() took 0 ms.
2026-06-06 01:18:08 INFO  org.testng.internal.Utils - [Utils] MethodGroupsHelper.collectMethodsByGroup() took 0 ms.
2026-06-06 01:18:08 INFO  org.testng.internal.Utils - [Utils] MethodGroupsHelper.sortMethods() took 0 ms.
2026-06-06 01:18:08 INFO  org.testng.internal.Utils - [Utils] MethodGroupsHelper.collectMethodsByGroup() took 3 ms.
2026-06-06 01:18:08 INFO  org.testng.internal.Utils - [Utils] MethodGroupsHelper.sortMethods() took 15 ms.
2026-06-06 01:18:08 INFO  org.testng.internal.Utils - [Utils] MethodGroupsHelper.collectMethodsByGroup() took 0 ms.
2026-06-06 01:18:08 INFO  org.testng.internal.Utils - [Utils] MethodGroupsHelper.sortMethods() took 1 ms.
2026-06-06 01:18:08 INFO  org.testng.internal.Utils - [Utils] MethodGroupsHelper.collectMethodsByGroup() took 0 ms.
2026-06-06 01:18:08 INFO  org.testng.internal.Utils - [Utils] MethodGroupsHelper.sortMethods() took 0 ms.
2026-06-06 01:18:08 INFO  org.testng.internal.Utils - [Utils] MethodGroupsHelper.collectMethodsByGroup() took 0 ms.
2026-06-06 01:18:08 INFO  org.testng.internal.Utils - [Utils] MethodGroupsHelper.sortMethods() took 0 ms.
2026-06-06 01:18:08 INFO  org.testng.internal.Utils - [Utils] MethodGroupsHelper.collectMethodsByGroup() took 1 ms.
2026-06-06 01:18:08 INFO  org.testng.internal.Utils - [Utils] MethodGroupsHelper.sortMethods() took 24 ms.
2026-06-06 01:18:08 INFO  org.testng.internal.Utils - [Utils] MethodGroupsHelper.collectMethodsByGroup() took 0 ms.
2026-06-06 01:18:08 INFO  org.testng.internal.Utils - [Utils] MethodGroupsHelper.sortMethods() took 0 ms.
2026-06-06 01:18:08 INFO  org.testng.internal.Utils - [Utils] MethodGroupsHelper.collectMethodsByGroup() took 0 ms.
2026-06-06 01:18:08 INFO  org.testng.internal.Utils - [Utils] MethodGroupsHelper.sortMethods() took 0 ms.
2026-06-06 01:18:08 INFO  org.testng.internal.Utils - [TestNG] Running:
  /private/var/folders/1m/l_rj06c54fsbr6kjbknyg9700000gn/T/testng-eclipse-1805031990/testng-customsuite.xml

2026-06-06 01:18:08 INFO  org.testng.internal.Utils - [Utils] DynamicGraphHelper.createDynamicGraph() took 11 ms.
2026-06-06 01:18:09 INFO  io.github.bonigarcia.wdm.WebDriverManager - Using chromedriver 148.0.7778.178 (resolved driver for Chrome 148)
2026-06-06 01:18:09 INFO  io.github.bonigarcia.wdm.WebDriverManager - Exporting webdriver.chrome.driver as /Users/ritiksoni/.cache/selenium/chromedriver/mac64/148.0.7778.178/chromedriver
2026-06-06 01:18:49 INFO  io.github.bonigarcia.wdm.WebDriverManager - Using chromedriver 148.0.7778.178 (resolved driver for Chrome 148)
2026-06-06 01:18:49 INFO  io.github.bonigarcia.wdm.WebDriverManager - Exporting webdriver.chrome.driver as /Users/ritiksoni/.cache/selenium/chromedriver/mac64/148.0.7778.178/chromedriver
2026-06-06 01:18:59 INFO  org.testng.internal.Utils - [TestNG] Time taken by org.testng.reporters.jq.Main@424de326: 75 ms
2026-06-06 01:18:59 INFO  org.testng.internal.Utils - [TestNG] Time taken by org.testng.reporters.FailedReporter@67064bdc: 3 ms
2026-06-06 01:18:59 INFO  org.testng.internal.Utils - [TestNG] Time taken by org.testng.reporters.XMLReporter@136965e3: 11 ms
2026-06-06 01:18:59 INFO  org.testng.internal.Utils - [TestNG] Time taken by org.testng.reporters.EmailableReporter2@5d8ab698: 5 ms
2026-06-06 01:18:59 INFO  org.testng.internal.Utils - [TestNG] Time taken by org.testng.reporters.JUnitReportReporter@4012d5bc: 6 ms
2026-06-06 01:18:59 INFO  org.testng.internal.Utils - [TestNG] Time taken by org.testng.internal.ExitCodeListener@4375b013: 0 ms
2026-06-06 01:21:54 INFO  org.testng.internal.Utils - [Utils] MethodGroupsHelper.collectMethodsByGroup() took 0 ms.
2026-06-06 01:21:54 INFO  org.testng.internal.Utils - [Utils] MethodGroupsHelper.sortMethods() took 2 ms.
2026-06-06 01:21:54 INFO  org.testng.internal.Utils - [Utils] MethodGroupsHelper.collectMethodsByGroup() took 0 ms.
2026-06-06 01:21:54 INFO  org.testng.internal.Utils - [Utils] MethodGroupsHelper.sortMethods() took 0 ms.
2026-06-06 01:21:54 INFO  org.testng.internal.Utils - [Utils] MethodGroupsHelper.collectMethodsByGroup() took 0 ms.
2026-06-06 01:21:54 INFO  org.testng.internal.Utils - [Utils] MethodGroupsHelper.sortMethods() took 0 ms.
2026-06-06 01:21:54 INFO  org.testng.internal.Utils - [Utils] MethodGroupsHelper.collectMethodsByGroup() took 0 ms.
2026-06-06 01:21:54 INFO  org.testng.internal.Utils - [Utils] MethodGroupsHelper.sortMethods() took 0 ms.
2026-06-06 01:21:54 INFO  org.testng.internal.Utils - [Utils] MethodGroupsHelper.collectMethodsByGroup() took 4 ms.
2026-06-06 01:21:54 INFO  org.testng.internal.Utils - [Utils] MethodGroupsHelper.sortMethods() took 43 ms.
2026-06-06 01:21:54 INFO  org.testng.internal.Utils - [Utils] MethodGroupsHelper.collectMethodsByGroup() took 0 ms.
2026-06-06 01:21:54 INFO  org.testng.internal.Utils - [Utils] MethodGroupsHelper.sortMethods() took 2 ms.
2026-06-06 01:21:54 INFO  org.testng.internal.Utils - [Utils] MethodGroupsHelper.collectMethodsByGroup() took 0 ms.
2026-06-06 01:21:54 INFO  org.testng.internal.Utils - [Utils] MethodGroupsHelper.sortMethods() took 0 ms.
2026-06-06 01:21:54 INFO  org.testng.internal.Utils - [Utils] MethodGroupsHelper.collectMethodsByGroup() took 0 ms.
2026-06-06 01:21:54 INFO  org.testng.internal.Utils - [Utils] MethodGroupsHelper.sortMethods() took 0 ms.
2026-06-06 01:21:54 INFO  org.testng.internal.Utils - [Utils] MethodGroupsHelper.collectMethodsByGroup() took 0 ms.
2026-06-06 01:21:54 INFO  org.testng.internal.Utils - [Utils] MethodGroupsHelper.sortMethods() took 0 ms.
2026-06-06 01:21:54 INFO  org.testng.internal.Utils - [Utils] MethodGroupsHelper.collectMethodsByGroup() took 0 ms.
2026-06-06 01:21:54 INFO  org.testng.internal.Utils - [Utils] MethodGroupsHelper.sortMethods() took 0 ms.
2026-06-06 01:21:54 INFO  org.testng.internal.Utils - [Utils] MethodGroupsHelper.collectMethodsByGroup() took 0 ms.
2026-06-06 01:21:54 INFO  org.testng.internal.Utils - [Utils] MethodGroupsHelper.sortMethods() took 0 ms.
2026-06-06 01:21:54 INFO  org.testng.internal.Utils - [Utils] MethodGroupsHelper.collectMethodsByGroup() took 0 ms.
2026-06-06 01:21:54 INFO  org.testng.internal.Utils - [Utils] MethodGroupsHelper.sortMethods() took 0 ms.
2026-06-06 01:21:54 INFO  org.testng.internal.Utils - [Utils] MethodGroupsHelper.collectMethodsByGroup() took 1 ms.
2026-06-06 01:21:54 INFO  org.testng.internal.Utils - [Utils] MethodGroupsHelper.sortMethods() took 4 ms.
2026-06-06 01:21:54 INFO  org.testng.internal.Utils - [Utils] MethodGroupsHelper.collectMethodsByGroup() took 0 ms.
2026-06-06 01:21:54 INFO  org.testng.internal.Utils - [Utils] MethodGroupsHelper.sortMethods() took 0 ms.
2026-06-06 01:21:54 INFO  org.testng.internal.Utils - [Utils] MethodGroupsHelper.collectMethodsByGroup() took 0 ms.
2026-06-06 01:21:54 INFO  org.testng.internal.Utils - [Utils] MethodGroupsHelper.sortMethods() took 0 ms.
2026-06-06 01:21:54 INFO  org.testng.internal.Utils - [TestNG] Running:
  /private/var/folders/1m/l_rj06c54fsbr6kjbknyg9700000gn/T/testng-eclipse--99320179/testng-customsuite.xml

2026-06-06 01:21:54 INFO  org.testng.internal.Utils - [Utils] DynamicGraphHelper.createDynamicGraph() took 5 ms.
2026-06-06 01:21:55 INFO  io.github.bonigarcia.wdm.WebDriverManager - Using chromedriver 148.0.7778.178 (resolved driver for Chrome 148)
2026-06-06 01:21:55 INFO  io.github.bonigarcia.wdm.WebDriverManager - Exporting webdriver.chrome.driver as /Users/ritiksoni/.cache/selenium/chromedriver/mac64/148.0.7778.178/chromedriver
2026-06-06 01:22:33 INFO  org.testng.internal.Utils - [TestNG] Time taken by org.testng.reporters.jq.Main@142213d5: 68 ms
2026-06-06 01:22:33 INFO  org.testng.internal.Utils - [TestNG] Time taken by org.testng.reporters.FailedReporter@5ea4300e: 5 ms
2026-06-06 01:22:33 INFO  org.testng.internal.Utils - [TestNG] Time taken by org.testng.reporters.XMLReporter@48b4a043: 8 ms
2026-06-06 01:22:33 INFO  org.testng.internal.Utils - [TestNG] Time taken by org.testng.reporters.EmailableReporter2@6cf0a747: 7 ms
2026-06-06 01:22:33 INFO  org.testng.internal.Utils - [TestNG] Time taken by org.testng.reporters.JUnitReportReporter@1352434e: 5 ms
2026-06-06 01:22:33 INFO  org.testng.internal.Utils - [TestNG] Time taken by org.testng.internal.ExitCodeListener@4f9a6c2d: 0 ms
2026-06-06 01:24:03 INFO  org.testng.internal.Utils - [Utils] MethodGroupsHelper.collectMethodsByGroup() took 0 ms.
2026-06-06 01:24:03 INFO  org.testng.internal.Utils - [Utils] MethodGroupsHelper.sortMethods() took 0 ms.
2026-06-06 01:24:03 INFO  org.testng.internal.Utils - [Utils] MethodGroupsHelper.collectMethodsByGroup() took 0 ms.
2026-06-06 01:24:03 INFO  org.testng.internal.Utils - [Utils] MethodGroupsHelper.sortMethods() took 0 ms.
2026-06-06 01:24:03 INFO  org.testng.internal.Utils - [Utils] MethodGroupsHelper.collectMethodsByGroup() took 0 ms.
2026-06-06 01:24:03 INFO  org.testng.internal.Utils - [Utils] MethodGroupsHelper.sortMethods() took 0 ms.
2026-06-06 01:24:03 INFO  org.testng.internal.Utils - [Utils] MethodGroupsHelper.collectMethodsByGroup() took 0 ms.
2026-06-06 01:24:03 INFO  org.testng.internal.Utils - [Utils] MethodGroupsHelper.sortMethods() took 0 ms.
2026-06-06 01:24:03 INFO  org.testng.internal.Utils - [Utils] MethodGroupsHelper.collectMethodsByGroup() took 4 ms.
2026-06-06 01:24:03 INFO  org.testng.internal.Utils - [Utils] MethodGroupsHelper.sortMethods() took 42 ms.
2026-06-06 01:24:03 INFO  org.testng.internal.Utils - [Utils] MethodGroupsHelper.collectMethodsByGroup() took 0 ms.
2026-06-06 01:24:03 INFO  org.testng.internal.Utils - [Utils] MethodGroupsHelper.sortMethods() took 2 ms.
2026-06-06 01:24:03 INFO  org.testng.internal.Utils - [Utils] MethodGroupsHelper.collectMethodsByGroup() took 0 ms.
2026-06-06 01:24:03 INFO  org.testng.internal.Utils - [Utils] MethodGroupsHelper.sortMethods() took 0 ms.
2026-06-06 01:24:03 INFO  org.testng.internal.Utils - [Utils] MethodGroupsHelper.collectMethodsByGroup() took 0 ms.
2026-06-06 01:24:03 INFO  org.testng.internal.Utils - [Utils] MethodGroupsHelper.sortMethods() took 0 ms.
2026-06-06 01:24:03 INFO  org.testng.internal.Utils - [Utils] MethodGroupsHelper.collectMethodsByGroup() took 0 ms.
2026-06-06 01:24:03 INFO  org.testng.internal.Utils - [Utils] MethodGroupsHelper.sortMethods() took 0 ms.
2026-06-06 01:24:03 INFO  org.testng.internal.Utils - [Utils] MethodGroupsHelper.collectMethodsByGroup() took 0 ms.
2026-06-06 01:24:03 INFO  org.testng.internal.Utils - [Utils] MethodGroupsHelper.sortMethods() took 0 ms.
2026-06-06 01:24:03 INFO  org.testng.internal.Utils - [Utils] MethodGroupsHelper.collectMethodsByGroup() took 0 ms.
2026-06-06 01:24:03 INFO  org.testng.internal.Utils - [Utils] MethodGroupsHelper.sortMethods() took 0 ms.
2026-06-06 01:24:03 INFO  org.testng.internal.Utils - [Utils] MethodGroupsHelper.collectMethodsByGroup() took 0 ms.
2026-06-06 01:24:03 INFO  org.testng.internal.Utils - [Utils] MethodGroupsHelper.sortMethods() took 0 ms.
2026-06-06 01:24:03 INFO  org.testng.internal.Utils - [Utils] MethodGroupsHelper.collectMethodsByGroup() took 2 ms.
2026-06-06 01:24:03 INFO  org.testng.internal.Utils - [Utils] MethodGroupsHelper.sortMethods() took 2 ms.
2026-06-06 01:24:03 INFO  org.testng.internal.Utils - [Utils] MethodGroupsHelper.collectMethodsByGroup() took 0 ms.
2026-06-06 01:24:03 INFO  org.testng.internal.Utils - [Utils] MethodGroupsHelper.sortMethods() took 0 ms.
2026-06-06 01:24:03 INFO  org.testng.internal.Utils - [Utils] MethodGroupsHelper.collectMethodsByGroup() took 0 ms.
2026-06-06 01:24:03 INFO  org.testng.internal.Utils - [Utils] MethodGroupsHelper.sortMethods() took 0 ms.
2026-06-06 01:24:03 INFO  org.testng.internal.Utils - [TestNG] Running:
  /private/var/folders/1m/l_rj06c54fsbr6kjbknyg9700000gn/T/testng-eclipse--1805145205/testng-customsuite.xml

2026-06-06 01:24:03 INFO  org.testng.internal.Utils - [Utils] DynamicGraphHelper.createDynamicGraph() took 5 ms.
2026-06-06 01:24:04 INFO  io.github.bonigarcia.wdm.WebDriverManager - Using chromedriver 148.0.7778.178 (resolved driver for Chrome 148)
2026-06-06 01:24:04 INFO  io.github.bonigarcia.wdm.WebDriverManager - Exporting webdriver.chrome.driver as /Users/ritiksoni/.cache/selenium/chromedriver/mac64/148.0.7778.178/chromedriver
2026-06-06 01:24:54 INFO  org.testng.internal.Utils - [TestNG] Time taken by org.testng.reporters.jq.Main@348137e8: 134 ms
2026-06-06 01:24:54 INFO  org.testng.internal.Utils - [TestNG] Time taken by org.testng.reporters.FailedReporter@3b0c3951: 4 ms
2026-06-06 01:24:54 INFO  org.testng.internal.Utils - [TestNG] Time taken by org.testng.reporters.XMLReporter@3ad8717d: 11 ms
2026-06-06 01:24:54 INFO  org.testng.internal.Utils - [TestNG] Time taken by org.testng.reporters.EmailableReporter2@e7b265e: 10 ms
2026-06-06 01:24:54 INFO  org.testng.internal.Utils - [TestNG] Time taken by org.testng.reporters.JUnitReportReporter@33f2cfda: 5 ms
2026-06-06 01:24:54 INFO  org.testng.internal.Utils - [TestNG] Time taken by org.testng.internal.ExitCodeListener@68ef01a5: 0 ms
2026-06-06 01:25:17 INFO  org.testng.internal.Utils - [TestNG] Running:
  /Users/ritiksoni/Capstone_Guru99/Guru99BankFramework/testng.xml

2026-06-06 01:25:18 INFO  io.github.bonigarcia.wdm.WebDriverManager - Using chromedriver 148.0.7778.178 (resolved driver for Chrome 148)
2026-06-06 01:25:18 INFO  io.github.bonigarcia.wdm.WebDriverManager - Exporting webdriver.chrome.driver as /Users/ritiksoni/.cache/selenium/chromedriver/mac64/148.0.7778.178/chromedriver
2026-06-06 01:25:56 INFO  io.github.bonigarcia.wdm.WebDriverManager - Using chromedriver 148.0.7778.178 (resolved driver for Chrome 148)
2026-06-06 01:25:56 INFO  io.github.bonigarcia.wdm.WebDriverManager - Exporting webdriver.chrome.driver as /Users/ritiksoni/.cache/selenium/chromedriver/mac64/148.0.7778.178/chromedriver
2026-06-06 01:26:33 INFO  io.github.bonigarcia.wdm.WebDriverManager - Using chromedriver 148.0.7778.178 (resolved driver for Chrome 148)
2026-06-06 01:26:33 INFO  io.github.bonigarcia.wdm.WebDriverManager - Exporting webdriver.chrome.driver as /Users/ritiksoni/.cache/selenium/chromedriver/mac64/148.0.7778.178/chromedriver
2026-06-06 01:27:41 INFO  io.github.bonigarcia.wdm.WebDriverManager - Using chromedriver 148.0.7778.178 (resolved driver for Chrome 148)
2026-06-06 01:27:42 INFO  io.github.bonigarcia.wdm.WebDriverManager - Exporting webdriver.chrome.driver as /Users/ritiksoni/.cache/selenium/chromedriver/mac64/148.0.7778.178/chromedriver
2026-06-06 01:28:47 INFO  org.testng.internal.Utils - [Utils] MethodGroupsHelper.collectMethodsByGroup() took 0 ms.
2026-06-06 01:28:47 INFO  org.testng.internal.Utils - [Utils] MethodGroupsHelper.sortMethods() took 1 ms.
2026-06-06 01:28:47 INFO  org.testng.internal.Utils - [Utils] MethodGroupsHelper.collectMethodsByGroup() took 0 ms.
2026-06-06 01:28:47 INFO  org.testng.internal.Utils - [Utils] MethodGroupsHelper.sortMethods() took 0 ms.
2026-06-06 01:28:47 INFO  org.testng.internal.Utils - [Utils] MethodGroupsHelper.collectMethodsByGroup() took 0 ms.
2026-06-06 01:28:47 INFO  org.testng.internal.Utils - [Utils] MethodGroupsHelper.sortMethods() took 0 ms.
2026-06-06 01:28:47 INFO  org.testng.internal.Utils - [Utils] MethodGroupsHelper.collectMethodsByGroup() took 0 ms.
2026-06-06 01:28:47 INFO  org.testng.internal.Utils - [Utils] MethodGroupsHelper.sortMethods() took 0 ms.
2026-06-06 01:28:47 INFO  org.testng.internal.Utils - [Utils] MethodGroupsHelper.collectMethodsByGroup() took 6 ms.
2026-06-06 01:28:47 INFO  org.testng.internal.Utils - [Utils] MethodGroupsHelper.sortMethods() took 41 ms.
2026-06-06 01:28:47 INFO  org.testng.internal.Utils - [Utils] MethodGroupsHelper.collectMethodsByGroup() took 1 ms.
2026-06-06 01:28:47 INFO  org.testng.internal.Utils - [Utils] MethodGroupsHelper.sortMethods() took 2 ms.
2026-06-06 01:28:47 INFO  org.testng.internal.Utils - [Utils] MethodGroupsHelper.collectMethodsByGroup() took 0 ms.
2026-06-06 01:28:47 INFO  org.testng.internal.Utils - [Utils] MethodGroupsHelper.sortMethods() took 0 ms.
2026-06-06 01:28:47 INFO  org.testng.internal.Utils - [Utils] MethodGroupsHelper.collectMethodsByGroup() took 0 ms.
2026-06-06 01:28:47 INFO  org.testng.internal.Utils - [Utils] MethodGroupsHelper.sortMethods() took 0 ms.
2026-06-06 01:28:47 INFO  org.testng.internal.Utils - [Utils] MethodGroupsHelper.collectMethodsByGroup() took 0 ms.
2026-06-06 01:28:47 INFO  org.testng.internal.Utils - [Utils] MethodGroupsHelper.sortMethods() took 0 ms.
2026-06-06 01:28:47 INFO  org.testng.internal.Utils - [Utils] MethodGroupsHelper.collectMethodsByGroup() took 0 ms.
2026-06-06 01:28:47 INFO  org.testng.internal.Utils - [Utils] MethodGroupsHelper.sortMethods() took 0 ms.
2026-06-06 01:28:47 INFO  org.testng.internal.Utils - [Utils] MethodGroupsHelper.collectMethodsByGroup() took 0 ms.
2026-06-06 01:28:47 INFO  org.testng.internal.Utils - [Utils] MethodGroupsHelper.sortMethods() took 0 ms.
2026-06-06 01:28:47 INFO  org.testng.internal.Utils - [Utils] MethodGroupsHelper.collectMethodsByGroup() took 0 ms.
2026-06-06 01:28:47 INFO  org.testng.internal.Utils - [Utils] MethodGroupsHelper.sortMethods() took 0 ms.
2026-06-06 01:28:47 INFO  org.testng.internal.Utils - [Utils] MethodGroupsHelper.collectMethodsByGroup() took 3 ms.
2026-06-06 01:28:47 INFO  org.testng.internal.Utils - [Utils] MethodGroupsHelper.sortMethods() took 0 ms.
2026-06-06 01:28:47 INFO  org.testng.internal.Utils - [Utils] MethodGroupsHelper.collectMethodsByGroup() took 0 ms.
2026-06-06 01:28:47 INFO  org.testng.internal.Utils - [Utils] MethodGroupsHelper.sortMethods() took 0 ms.
2026-06-06 01:28:47 INFO  org.testng.internal.Utils - [Utils] MethodGroupsHelper.collectMethodsByGroup() took 0 ms.
2026-06-06 01:28:47 INFO  org.testng.internal.Utils - [Utils] MethodGroupsHelper.sortMethods() took 0 ms.
2026-06-06 01:28:47 INFO  org.testng.internal.Utils - [TestNG] Running:
  /private/var/folders/1m/l_rj06c54fsbr6kjbknyg9700000gn/T/testng-eclipse--512005796/testng-customsuite.xml

2026-06-06 01:28:47 INFO  org.testng.internal.Utils - [Utils] DynamicGraphHelper.createDynamicGraph() took 5 ms.
2026-06-06 01:28:48 INFO  io.github.bonigarcia.wdm.WebDriverManager - Using chromedriver 148.0.7778.178 (resolved driver for Chrome 148)
2026-06-06 01:28:48 INFO  io.github.bonigarcia.wdm.WebDriverManager - Exporting webdriver.chrome.driver as /Users/ritiksoni/.cache/selenium/chromedriver/mac64/148.0.7778.178/chromedriver
2026-06-06 01:30:37 INFO  org.testng.internal.Utils - [TestNG] Time taken by org.testng.reporters.jq.Main@33de7f3d: 82 ms
2026-06-06 01:30:37 INFO  org.testng.internal.Utils - [TestNG] Time taken by org.testng.reporters.FailedReporter@50f4b83d: 3 ms
2026-06-06 01:30:37 INFO  org.testng.internal.Utils - [TestNG] Time taken by org.testng.reporters.XMLReporter@30036a18: 10 ms
2026-06-06 01:30:37 INFO  org.testng.internal.Utils - [TestNG] Time taken by org.testng.reporters.EmailableReporter2@4628a02b: 7 ms
2026-06-06 01:30:37 INFO  org.testng.internal.Utils - [TestNG] Time taken by org.testng.reporters.JUnitReportReporter@5203c80f: 16 ms
2026-06-06 01:30:37 INFO  org.testng.internal.Utils - [TestNG] Time taken by org.testng.internal.ExitCodeListener@439f2d87: 0 ms
2026-06-06 01:37:29 INFO  org.testng.internal.Utils - [Utils] MethodGroupsHelper.collectMethodsByGroup() took 0 ms.
2026-06-06 01:37:29 INFO  org.testng.internal.Utils - [Utils] MethodGroupsHelper.sortMethods() took 1 ms.
2026-06-06 01:37:29 INFO  org.testng.internal.Utils - [Utils] MethodGroupsHelper.collectMethodsByGroup() took 0 ms.
2026-06-06 01:37:29 INFO  org.testng.internal.Utils - [Utils] MethodGroupsHelper.sortMethods() took 0 ms.
2026-06-06 01:37:29 INFO  org.testng.internal.Utils - [Utils] MethodGroupsHelper.collectMethodsByGroup() took 0 ms.
2026-06-06 01:37:29 INFO  org.testng.internal.Utils - [Utils] MethodGroupsHelper.sortMethods() took 0 ms.
2026-06-06 01:37:29 INFO  org.testng.internal.Utils - [Utils] MethodGroupsHelper.collectMethodsByGroup() took 0 ms.
2026-06-06 01:37:29 INFO  org.testng.internal.Utils - [Utils] MethodGroupsHelper.sortMethods() took 0 ms.
2026-06-06 01:37:29 INFO  org.testng.internal.Utils - [Utils] MethodGroupsHelper.collectMethodsByGroup() took 9 ms.
2026-06-06 01:37:29 INFO  org.testng.internal.Utils - [Utils] MethodGroupsHelper.sortMethods() took 41 ms.
2026-06-06 01:37:29 INFO  org.testng.internal.Utils - [Utils] MethodGroupsHelper.collectMethodsByGroup() took 0 ms.
2026-06-06 01:37:29 INFO  org.testng.internal.Utils - [Utils] MethodGroupsHelper.sortMethods() took 0 ms.
2026-06-06 01:37:29 INFO  org.testng.internal.Utils - [Utils] MethodGroupsHelper.collectMethodsByGroup() took 0 ms.
2026-06-06 01:37:29 INFO  org.testng.internal.Utils - [Utils] MethodGroupsHelper.sortMethods() took 0 ms.
2026-06-06 01:37:29 INFO  org.testng.internal.Utils - [Utils] MethodGroupsHelper.collectMethodsByGroup() took 0 ms.
2026-06-06 01:37:29 INFO  org.testng.internal.Utils - [Utils] MethodGroupsHelper.sortMethods() took 0 ms.
2026-06-06 01:37:29 INFO  org.testng.internal.Utils - [Utils] MethodGroupsHelper.collectMethodsByGroup() took 0 ms.
2026-06-06 01:37:29 INFO  org.testng.internal.Utils - [Utils] MethodGroupsHelper.sortMethods() took 0 ms.
2026-06-06 01:37:29 INFO  org.testng.internal.Utils - [Utils] MethodGroupsHelper.collectMethodsByGroup() took 0 ms.
2026-06-06 01:37:29 INFO  org.testng.internal.Utils - [Utils] MethodGroupsHelper.sortMethods() took 0 ms.
2026-06-06 01:37:29 INFO  org.testng.internal.Utils - [Utils] MethodGroupsHelper.collectMethodsByGroup() took 0 ms.
2026-06-06 01:37:29 INFO  org.testng.internal.Utils - [Utils] MethodGroupsHelper.sortMethods() took 0 ms.
2026-06-06 01:37:29 INFO  org.testng.internal.Utils - [Utils] MethodGroupsHelper.collectMethodsByGroup() took 0 ms.
2026-06-06 01:37:29 INFO  org.testng.internal.Utils - [Utils] MethodGroupsHelper.sortMethods() took 0 ms.
2026-06-06 01:37:29 INFO  org.testng.internal.Utils - [Utils] MethodGroupsHelper.collectMethodsByGroup() took 1 ms.
2026-06-06 01:37:29 INFO  org.testng.internal.Utils - [Utils] MethodGroupsHelper.sortMethods() took 0 ms.
2026-06-06 01:37:29 INFO  org.testng.internal.Utils - [Utils] MethodGroupsHelper.collectMethodsByGroup() took 0 ms.
2026-06-06 01:37:29 INFO  org.testng.internal.Utils - [Utils] MethodGroupsHelper.sortMethods() took 0 ms.
2026-06-06 01:37:29 INFO  org.testng.internal.Utils - [Utils] MethodGroupsHelper.collectMethodsByGroup() took 0 ms.
2026-06-06 01:37:29 INFO  org.testng.internal.Utils - [Utils] MethodGroupsHelper.sortMethods() took 0 ms.
2026-06-06 01:37:29 INFO  org.testng.internal.Utils - [TestNG] Running:
  /private/var/folders/1m/l_rj06c54fsbr6kjbknyg9700000gn/T/testng-eclipse--578428915/testng-customsuite.xml

2026-06-06 01:37:29 INFO  org.testng.internal.Utils - [Utils] DynamicGraphHelper.createDynamicGraph() took 5 ms.
2026-06-06 01:37:30 INFO  io.github.bonigarcia.wdm.WebDriverManager - Using chromedriver 148.0.7778.178 (resolved driver for Chrome 148)
2026-06-06 01:37:30 INFO  io.github.bonigarcia.wdm.WebDriverManager - Exporting webdriver.chrome.driver as /Users/ritiksoni/.cache/selenium/chromedriver/mac64/148.0.7778.178/chromedriver
2026-06-06 01:38:25 INFO  org.testng.internal.Utils - [TestNG] Time taken by org.testng.reporters.jq.Main@21ba2445: 72 ms
2026-06-06 01:38:25 INFO  org.testng.internal.Utils - [TestNG] Time taken by org.testng.reporters.FailedReporter@5ec5ea63: 17 ms
2026-06-06 01:38:25 INFO  org.testng.internal.Utils - [TestNG] Time taken by org.testng.reporters.XMLReporter@1b495d4: 13 ms
2026-06-06 01:38:25 INFO  org.testng.internal.Utils - [TestNG] Time taken by org.testng.reporters.EmailableReporter2@7847ef2c: 10 ms
2026-06-06 01:38:25 INFO  org.testng.internal.Utils - [TestNG] Time taken by org.testng.reporters.JUnitReportReporter@41853299: 9 ms
2026-06-06 01:38:25 INFO  org.testng.internal.Utils - [TestNG] Time taken by org.testng.internal.ExitCodeListener@60d40ff4: 0 ms
2026-06-06 01:42:37 INFO  org.testng.internal.Utils - [Utils] MethodGroupsHelper.collectMethodsByGroup() took 0 ms.
2026-06-06 01:42:37 INFO  org.testng.internal.Utils - [Utils] MethodGroupsHelper.sortMethods() took 1 ms.
2026-06-06 01:42:37 INFO  org.testng.internal.Utils - [Utils] MethodGroupsHelper.collectMethodsByGroup() took 0 ms.
2026-06-06 01:42:37 INFO  org.testng.internal.Utils - [Utils] MethodGroupsHelper.sortMethods() took 0 ms.
2026-06-06 01:42:37 INFO  org.testng.internal.Utils - [Utils] MethodGroupsHelper.collectMethodsByGroup() took 0 ms.
2026-06-06 01:42:37 INFO  org.testng.internal.Utils - [Utils] MethodGroupsHelper.sortMethods() took 0 ms.
2026-06-06 01:42:37 INFO  org.testng.internal.Utils - [Utils] MethodGroupsHelper.collectMethodsByGroup() took 0 ms.
2026-06-06 01:42:37 INFO  org.testng.internal.Utils - [Utils] MethodGroupsHelper.sortMethods() took 0 ms.
2026-06-06 01:42:37 INFO  org.testng.internal.Utils - [Utils] MethodGroupsHelper.collectMethodsByGroup() took 6 ms.
2026-06-06 01:42:37 INFO  org.testng.internal.Utils - [Utils] MethodGroupsHelper.sortMethods() took 52 ms.
2026-06-06 01:42:37 INFO  org.testng.internal.Utils - [Utils] MethodGroupsHelper.collectMethodsByGroup() took 1 ms.
2026-06-06 01:42:37 INFO  org.testng.internal.Utils - [Utils] MethodGroupsHelper.sortMethods() took 1 ms.
2026-06-06 01:42:37 INFO  org.testng.internal.Utils - [Utils] MethodGroupsHelper.collectMethodsByGroup() took 0 ms.
2026-06-06 01:42:37 INFO  org.testng.internal.Utils - [Utils] MethodGroupsHelper.sortMethods() took 0 ms.
2026-06-06 01:42:37 INFO  org.testng.internal.Utils - [Utils] MethodGroupsHelper.collectMethodsByGroup() took 0 ms.
2026-06-06 01:42:37 INFO  org.testng.internal.Utils - [Utils] MethodGroupsHelper.sortMethods() took 0 ms.
2026-06-06 01:42:37 INFO  org.testng.internal.Utils - [Utils] MethodGroupsHelper.collectMethodsByGroup() took 0 ms.
2026-06-06 01:42:37 INFO  org.testng.internal.Utils - [Utils] MethodGroupsHelper.sortMethods() took 0 ms.
2026-06-06 01:42:37 INFO  org.testng.internal.Utils - [Utils] MethodGroupsHelper.collectMethodsByGroup() took 0 ms.
2026-06-06 01:42:37 INFO  org.testng.internal.Utils - [Utils] MethodGroupsHelper.sortMethods() took 0 ms.
2026-06-06 01:42:37 INFO  org.testng.internal.Utils - [Utils] MethodGroupsHelper.collectMethodsByGroup() took 0 ms.
2026-06-06 01:42:37 INFO  org.testng.internal.Utils - [Utils] MethodGroupsHelper.sortMethods() took 0 ms.
2026-06-06 01:42:37 INFO  org.testng.internal.Utils - [Utils] MethodGroupsHelper.collectMethodsByGroup() took 0 ms.
2026-06-06 01:42:37 INFO  org.testng.internal.Utils - [Utils] MethodGroupsHelper.sortMethods() took 0 ms.
2026-06-06 01:42:37 INFO  org.testng.internal.Utils - [Utils] MethodGroupsHelper.collectMethodsByGroup() took 2 ms.
2026-06-06 01:42:37 INFO  org.testng.internal.Utils - [Utils] MethodGroupsHelper.sortMethods() took 1 ms.
2026-06-06 01:42:37 INFO  org.testng.internal.Utils - [Utils] MethodGroupsHelper.collectMethodsByGroup() took 0 ms.
2026-06-06 01:42:37 INFO  org.testng.internal.Utils - [Utils] MethodGroupsHelper.sortMethods() took 0 ms.
2026-06-06 01:42:37 INFO  org.testng.internal.Utils - [Utils] MethodGroupsHelper.collectMethodsByGroup() took 0 ms.
2026-06-06 01:42:37 INFO  org.testng.internal.Utils - [Utils] MethodGroupsHelper.sortMethods() took 0 ms.
2026-06-06 01:42:37 INFO  org.testng.internal.Utils - [TestNG] Running:
  /private/var/folders/1m/l_rj06c54fsbr6kjbknyg9700000gn/T/testng-eclipse--1240721334/testng-customsuite.xml

2026-06-06 01:42:37 INFO  org.testng.internal.Utils - [Utils] DynamicGraphHelper.createDynamicGraph() took 4 ms.
2026-06-06 01:42:38 INFO  io.github.bonigarcia.wdm.WebDriverManager - Using chromedriver 148.0.7778.178 (resolved driver for Chrome 148)
2026-06-06 01:42:38 INFO  io.github.bonigarcia.wdm.WebDriverManager - Exporting webdriver.chrome.driver as /Users/ritiksoni/.cache/selenium/chromedriver/mac64/148.0.7778.178/chromedriver
2026-06-06 01:44:22 INFO  org.testng.internal.Utils - [TestNG] Time taken by org.testng.reporters.jq.Main@586495f1: 73 ms
2026-06-06 01:44:22 INFO  org.testng.internal.Utils - [TestNG] Time taken by org.testng.reporters.FailedReporter@31a136a6: 13 ms
2026-06-06 01:44:22 INFO  org.testng.internal.Utils - [TestNG] Time taken by org.testng.reporters.XMLReporter@19827608: 19 ms
2026-06-06 01:44:22 INFO  org.testng.internal.Utils - [TestNG] Time taken by org.testng.reporters.EmailableReporter2@6d0290d8: 11 ms
2026-06-06 01:44:22 INFO  org.testng.internal.Utils - [TestNG] Time taken by org.testng.reporters.JUnitReportReporter@209f3887: 15 ms
2026-06-06 01:44:22 INFO  org.testng.internal.Utils - [TestNG] Time taken by org.testng.internal.ExitCodeListener@6a98f353: 0 ms
2026-06-06 01:45:33 INFO  org.testng.internal.Utils - [Utils] MethodGroupsHelper.collectMethodsByGroup() took 0 ms.
2026-06-06 01:45:33 INFO  org.testng.internal.Utils - [Utils] MethodGroupsHelper.sortMethods() took 1 ms.
2026-06-06 01:45:33 INFO  org.testng.internal.Utils - [Utils] MethodGroupsHelper.collectMethodsByGroup() took 0 ms.
2026-06-06 01:45:33 INFO  org.testng.internal.Utils - [Utils] MethodGroupsHelper.sortMethods() took 0 ms.
2026-06-06 01:45:33 INFO  org.testng.internal.Utils - [Utils] MethodGroupsHelper.collectMethodsByGroup() took 0 ms.
2026-06-06 01:45:33 INFO  org.testng.internal.Utils - [Utils] MethodGroupsHelper.sortMethods() took 0 ms.
2026-06-06 01:45:33 INFO  org.testng.internal.Utils - [Utils] MethodGroupsHelper.collectMethodsByGroup() took 0 ms.
2026-06-06 01:45:33 INFO  org.testng.internal.Utils - [Utils] MethodGroupsHelper.sortMethods() took 0 ms.
2026-06-06 01:45:33 INFO  org.testng.internal.Utils - [Utils] MethodGroupsHelper.collectMethodsByGroup() took 6 ms.
2026-06-06 01:45:33 INFO  org.testng.internal.Utils - [Utils] MethodGroupsHelper.sortMethods() took 39 ms.
2026-06-06 01:45:33 INFO  org.testng.internal.Utils - [Utils] MethodGroupsHelper.collectMethodsByGroup() took 1 ms.
2026-06-06 01:45:33 INFO  org.testng.internal.Utils - [Utils] MethodGroupsHelper.sortMethods() took 0 ms.
2026-06-06 01:45:33 INFO  org.testng.internal.Utils - [Utils] MethodGroupsHelper.collectMethodsByGroup() took 0 ms.
2026-06-06 01:45:33 INFO  org.testng.internal.Utils - [Utils] MethodGroupsHelper.sortMethods() took 0 ms.
2026-06-06 01:45:33 INFO  org.testng.internal.Utils - [Utils] MethodGroupsHelper.collectMethodsByGroup() took 0 ms.
2026-06-06 01:45:33 INFO  org.testng.internal.Utils - [Utils] MethodGroupsHelper.sortMethods() took 0 ms.
2026-06-06 01:45:33 INFO  org.testng.internal.Utils - [Utils] MethodGroupsHelper.collectMethodsByGroup() took 0 ms.
2026-06-06 01:45:33 INFO  org.testng.internal.Utils - [Utils] MethodGroupsHelper.sortMethods() took 0 ms.
2026-06-06 01:45:33 INFO  org.testng.internal.Utils - [Utils] MethodGroupsHelper.collectMethodsByGroup() took 0 ms.
2026-06-06 01:45:33 INFO  org.testng.internal.Utils - [Utils] MethodGroupsHelper.sortMethods() took 0 ms.
2026-06-06 01:45:33 INFO  org.testng.internal.Utils - [Utils] MethodGroupsHelper.collectMethodsByGroup() took 0 ms.
2026-06-06 01:45:33 INFO  org.testng.internal.Utils - [Utils] MethodGroupsHelper.sortMethods() took 0 ms.
2026-06-06 01:45:33 INFO  org.testng.internal.Utils - [Utils] MethodGroupsHelper.collectMethodsByGroup() took 0 ms.
2026-06-06 01:45:33 INFO  org.testng.internal.Utils - [Utils] MethodGroupsHelper.sortMethods() took 0 ms.
2026-06-06 01:45:33 INFO  org.testng.internal.Utils - [Utils] MethodGroupsHelper.collectMethodsByGroup() took 3 ms.
2026-06-06 01:45:33 INFO  org.testng.internal.Utils - [Utils] MethodGroupsHelper.sortMethods() took 0 ms.
2026-06-06 01:45:33 INFO  org.testng.internal.Utils - [Utils] MethodGroupsHelper.collectMethodsByGroup() took 0 ms.
2026-06-06 01:45:33 INFO  org.testng.internal.Utils - [Utils] MethodGroupsHelper.sortMethods() took 0 ms.
2026-06-06 01:45:33 INFO  org.testng.internal.Utils - [Utils] MethodGroupsHelper.collectMethodsByGroup() took 0 ms.
2026-06-06 01:45:33 INFO  org.testng.internal.Utils - [Utils] MethodGroupsHelper.sortMethods() took 0 ms.
2026-06-06 01:45:33 INFO  org.testng.internal.Utils - [TestNG] Running:
  /private/var/folders/1m/l_rj06c54fsbr6kjbknyg9700000gn/T/testng-eclipse--579308971/testng-customsuite.xml

2026-06-06 01:45:33 INFO  org.testng.internal.Utils - [Utils] DynamicGraphHelper.createDynamicGraph() took 6 ms.
2026-06-06 01:45:34 INFO  io.github.bonigarcia.wdm.WebDriverManager - Using chromedriver 148.0.7778.178 (resolved driver for Chrome 148)
2026-06-06 01:45:34 INFO  io.github.bonigarcia.wdm.WebDriverManager - Exporting webdriver.chrome.driver as /Users/ritiksoni/.cache/selenium/chromedriver/mac64/148.0.7778.178/chromedriver
2026-06-06 01:49:25 INFO  org.testng.internal.Utils - [Utils] MethodGroupsHelper.collectMethodsByGroup() took 0 ms.
2026-06-06 01:49:25 INFO  org.testng.internal.Utils - [Utils] MethodGroupsHelper.sortMethods() took 1 ms.
2026-06-06 01:49:25 INFO  org.testng.internal.Utils - [Utils] MethodGroupsHelper.collectMethodsByGroup() took 0 ms.
2026-06-06 01:49:25 INFO  org.testng.internal.Utils - [Utils] MethodGroupsHelper.sortMethods() took 0 ms.
2026-06-06 01:49:25 INFO  org.testng.internal.Utils - [Utils] MethodGroupsHelper.collectMethodsByGroup() took 0 ms.
2026-06-06 01:49:25 INFO  org.testng.internal.Utils - [Utils] MethodGroupsHelper.sortMethods() took 0 ms.
2026-06-06 01:49:25 INFO  org.testng.internal.Utils - [Utils] MethodGroupsHelper.collectMethodsByGroup() took 0 ms.
2026-06-06 01:49:25 INFO  org.testng.internal.Utils - [Utils] MethodGroupsHelper.sortMethods() took 0 ms.
2026-06-06 01:49:25 INFO  org.testng.internal.Utils - [Utils] MethodGroupsHelper.collectMethodsByGroup() took 3 ms.
2026-06-06 01:49:25 INFO  org.testng.internal.Utils - [Utils] MethodGroupsHelper.sortMethods() took 40 ms.
2026-06-06 01:49:25 INFO  org.testng.internal.Utils - [Utils] MethodGroupsHelper.collectMethodsByGroup() took 0 ms.
2026-06-06 01:49:25 INFO  org.testng.internal.Utils - [Utils] MethodGroupsHelper.sortMethods() took 0 ms.
2026-06-06 01:49:25 INFO  org.testng.internal.Utils - [Utils] MethodGroupsHelper.collectMethodsByGroup() took 0 ms.
2026-06-06 01:49:25 INFO  org.testng.internal.Utils - [Utils] MethodGroupsHelper.sortMethods() took 0 ms.
2026-06-06 01:49:25 INFO  org.testng.internal.Utils - [Utils] MethodGroupsHelper.collectMethodsByGroup() took 0 ms.
2026-06-06 01:49:25 INFO  org.testng.internal.Utils - [Utils] MethodGroupsHelper.sortMethods() took 0 ms.
2026-06-06 01:49:25 INFO  org.testng.internal.Utils - [Utils] MethodGroupsHelper.collectMethodsByGroup() took 0 ms.
2026-06-06 01:49:25 INFO  org.testng.internal.Utils - [Utils] MethodGroupsHelper.sortMethods() took 0 ms.
2026-06-06 01:49:25 INFO  org.testng.internal.Utils - [Utils] MethodGroupsHelper.collectMethodsByGroup() took 0 ms.
2026-06-06 01:49:25 INFO  org.testng.internal.Utils - [Utils] MethodGroupsHelper.sortMethods() took 0 ms.
2026-06-06 01:49:25 INFO  org.testng.internal.Utils - [Utils] MethodGroupsHelper.collectMethodsByGroup() took 0 ms.
2026-06-06 01:49:25 INFO  org.testng.internal.Utils - [Utils] MethodGroupsHelper.sortMethods() took 0 ms.
2026-06-06 01:49:25 INFO  org.testng.internal.Utils - [Utils] MethodGroupsHelper.collectMethodsByGroup() took 0 ms.
2026-06-06 01:49:25 INFO  org.testng.internal.Utils - [Utils] MethodGroupsHelper.sortMethods() took 0 ms.
2026-06-06 01:49:25 INFO  org.testng.internal.Utils - [Utils] MethodGroupsHelper.collectMethodsByGroup() took 3 ms.
2026-06-06 01:49:25 INFO  org.testng.internal.Utils - [Utils] MethodGroupsHelper.sortMethods() took 1 ms.
2026-06-06 01:49:25 INFO  org.testng.internal.Utils - [Utils] MethodGroupsHelper.collectMethodsByGroup() took 0 ms.
2026-06-06 01:49:25 INFO  org.testng.internal.Utils - [Utils] MethodGroupsHelper.sortMethods() took 0 ms.
2026-06-06 01:49:25 INFO  org.testng.internal.Utils - [Utils] MethodGroupsHelper.collectMethodsByGroup() took 0 ms.
2026-06-06 01:49:25 INFO  org.testng.internal.Utils - [Utils] MethodGroupsHelper.sortMethods() took 0 ms.
2026-06-06 01:49:25 INFO  org.testng.internal.Utils - [TestNG] Running:
  /private/var/folders/1m/l_rj06c54fsbr6kjbknyg9700000gn/T/testng-eclipse--1543571793/testng-customsuite.xml

2026-06-06 01:49:25 INFO  org.testng.internal.Utils - [Utils] DynamicGraphHelper.createDynamicGraph() took 5 ms.
2026-06-06 01:49:26 INFO  io.github.bonigarcia.wdm.WebDriverManager - Using chromedriver 148.0.7778.178 (resolved driver for Chrome 148)
2026-06-06 01:49:26 INFO  io.github.bonigarcia.wdm.WebDriverManager - Exporting webdriver.chrome.driver as /Users/ritiksoni/.cache/selenium/chromedriver/mac64/148.0.7778.178/chromedriver
2026-06-06 01:51:11 INFO  org.testng.internal.Utils - [TestNG] Time taken by org.testng.reporters.jq.Main@3c91530d: 61 ms
2026-06-06 01:51:11 INFO  org.testng.internal.Utils - [TestNG] Time taken by org.testng.reporters.FailedReporter@656f62dc: 15 ms
2026-06-06 01:51:11 INFO  org.testng.internal.Utils - [TestNG] Time taken by org.testng.reporters.XMLReporter@43bdaa1b: 15 ms
2026-06-06 01:51:11 INFO  org.testng.internal.Utils - [TestNG] Time taken by org.testng.reporters.EmailableReporter2@2e3572e8: 7 ms
2026-06-06 01:51:11 INFO  org.testng.internal.Utils - [TestNG] Time taken by org.testng.reporters.JUnitReportReporter@97a145b: 19 ms
2026-06-06 01:51:11 INFO  org.testng.internal.Utils - [TestNG] Time taken by org.testng.internal.ExitCodeListener@c386958: 0 ms
2026-06-06 01:53:53 INFO  org.testng.internal.Utils - [Utils] MethodGroupsHelper.collectMethodsByGroup() took 0 ms.
2026-06-06 01:53:53 INFO  org.testng.internal.Utils - [Utils] MethodGroupsHelper.sortMethods() took 0 ms.
2026-06-06 01:53:53 INFO  org.testng.internal.Utils - [Utils] MethodGroupsHelper.collectMethodsByGroup() took 0 ms.
2026-06-06 01:53:53 INFO  org.testng.internal.Utils - [Utils] MethodGroupsHelper.sortMethods() took 0 ms.
2026-06-06 01:53:53 INFO  org.testng.internal.Utils - [Utils] MethodGroupsHelper.collectMethodsByGroup() took 0 ms.
2026-06-06 01:53:53 INFO  org.testng.internal.Utils - [Utils] MethodGroupsHelper.sortMethods() took 0 ms.
2026-06-06 01:53:53 INFO  org.testng.internal.Utils - [Utils] MethodGroupsHelper.collectMethodsByGroup() took 0 ms.
2026-06-06 01:53:53 INFO  org.testng.internal.Utils - [Utils] MethodGroupsHelper.sortMethods() took 0 ms.
2026-06-06 01:53:53 INFO  org.testng.internal.Utils - [Utils] MethodGroupsHelper.collectMethodsByGroup() took 4 ms.
2026-06-06 01:53:53 INFO  org.testng.internal.Utils - [Utils] MethodGroupsHelper.sortMethods() took 38 ms.
2026-06-06 01:53:53 INFO  org.testng.internal.Utils - [Utils] MethodGroupsHelper.collectMethodsByGroup() took 0 ms.
2026-06-06 01:53:53 INFO  org.testng.internal.Utils - [Utils] MethodGroupsHelper.sortMethods() took 1 ms.
2026-06-06 01:53:53 INFO  org.testng.internal.Utils - [Utils] MethodGroupsHelper.collectMethodsByGroup() took 0 ms.
2026-06-06 01:53:53 INFO  org.testng.internal.Utils - [Utils] MethodGroupsHelper.sortMethods() took 0 ms.
2026-06-06 01:53:53 INFO  org.testng.internal.Utils - [Utils] MethodGroupsHelper.collectMethodsByGroup() took 0 ms.
2026-06-06 01:53:53 INFO  org.testng.internal.Utils - [Utils] MethodGroupsHelper.sortMethods() took 0 ms.
2026-06-06 01:53:53 INFO  org.testng.internal.Utils - [Utils] MethodGroupsHelper.collectMethodsByGroup() took 0 ms.
2026-06-06 01:53:53 INFO  org.testng.internal.Utils - [Utils] MethodGroupsHelper.sortMethods() took 0 ms.
2026-06-06 01:53:53 INFO  org.testng.internal.Utils - [Utils] MethodGroupsHelper.collectMethodsByGroup() took 0 ms.
2026-06-06 01:53:53 INFO  org.testng.internal.Utils - [Utils] MethodGroupsHelper.sortMethods() took 0 ms.
2026-06-06 01:53:53 INFO  org.testng.internal.Utils - [Utils] MethodGroupsHelper.collectMethodsByGroup() took 0 ms.
2026-06-06 01:53:53 INFO  org.testng.internal.Utils - [Utils] MethodGroupsHelper.sortMethods() took 0 ms.
2026-06-06 01:53:53 INFO  org.testng.internal.Utils - [Utils] MethodGroupsHelper.collectMethodsByGroup() took 0 ms.
2026-06-06 01:53:53 INFO  org.testng.internal.Utils - [Utils] MethodGroupsHelper.sortMethods() took 0 ms.
2026-06-06 01:53:53 INFO  org.testng.internal.Utils - [Utils] MethodGroupsHelper.collectMethodsByGroup() took 3 ms.
2026-06-06 01:53:53 INFO  org.testng.internal.Utils - [Utils] MethodGroupsHelper.sortMethods() took 1 ms.
2026-06-06 01:53:53 INFO  org.testng.internal.Utils - [Utils] MethodGroupsHelper.collectMethodsByGroup() took 0 ms.
2026-06-06 01:53:53 INFO  org.testng.internal.Utils - [Utils] MethodGroupsHelper.sortMethods() took 0 ms.
2026-06-06 01:53:53 INFO  org.testng.internal.Utils - [Utils] MethodGroupsHelper.collectMethodsByGroup() took 0 ms.
2026-06-06 01:53:53 INFO  org.testng.internal.Utils - [Utils] MethodGroupsHelper.sortMethods() took 0 ms.
2026-06-06 01:53:53 INFO  org.testng.internal.Utils - [TestNG] Running:
  /private/var/folders/1m/l_rj06c54fsbr6kjbknyg9700000gn/T/testng-eclipse-964219894/testng-customsuite.xml

2026-06-06 01:53:53 INFO  org.testng.internal.Utils - [Utils] DynamicGraphHelper.createDynamicGraph() took 6 ms.
2026-06-06 01:53:54 INFO  io.github.bonigarcia.wdm.WebDriverManager - Using chromedriver 148.0.7778.178 (resolved driver for Chrome 148)
2026-06-06 01:53:54 INFO  io.github.bonigarcia.wdm.WebDriverManager - Exporting webdriver.chrome.driver as /Users/ritiksoni/.cache/selenium/chromedriver/mac64/148.0.7778.178/chromedriver
2026-06-06 01:54:36 INFO  org.testng.internal.Utils - [TestNG] Time taken by org.testng.reporters.jq.Main@518bfd90: 70 ms
2026-06-06 01:54:36 INFO  org.testng.internal.Utils - [TestNG] Time taken by org.testng.reporters.FailedReporter@715b886f: 4 ms
2026-06-06 01:54:37 INFO  org.testng.internal.Utils - [TestNG] Time taken by org.testng.reporters.XMLReporter@d5d5353: 7 ms
2026-06-06 01:54:37 INFO  org.testng.internal.Utils - [TestNG] Time taken by org.testng.reporters.EmailableReporter2@1dc3502b: 6 ms
2026-06-06 01:54:37 INFO  org.testng.internal.Utils - [TestNG] Time taken by org.testng.reporters.JUnitReportReporter@17fa1336: 13 ms
2026-06-06 01:54:37 INFO  org.testng.internal.Utils - [TestNG] Time taken by org.testng.internal.ExitCodeListener@4228bf58: 1 ms
2026-06-06 01:59:42 INFO  org.testng.internal.Utils - [Utils] MethodGroupsHelper.collectMethodsByGroup() took 0 ms.
2026-06-06 01:59:42 INFO  org.testng.internal.Utils - [Utils] MethodGroupsHelper.sortMethods() took 1 ms.
2026-06-06 01:59:42 INFO  org.testng.internal.Utils - [Utils] MethodGroupsHelper.collectMethodsByGroup() took 0 ms.
2026-06-06 01:59:42 INFO  org.testng.internal.Utils - [Utils] MethodGroupsHelper.sortMethods() took 0 ms.
2026-06-06 01:59:42 INFO  org.testng.internal.Utils - [Utils] MethodGroupsHelper.collectMethodsByGroup() took 0 ms.
2026-06-06 01:59:42 INFO  org.testng.internal.Utils - [Utils] MethodGroupsHelper.sortMethods() took 0 ms.
2026-06-06 01:59:42 INFO  org.testng.internal.Utils - [Utils] MethodGroupsHelper.collectMethodsByGroup() took 0 ms.
2026-06-06 01:59:42 INFO  org.testng.internal.Utils - [Utils] MethodGroupsHelper.sortMethods() took 0 ms.
2026-06-06 01:59:42 INFO  org.testng.internal.Utils - [Utils] MethodGroupsHelper.collectMethodsByGroup() took 6 ms.
2026-06-06 01:59:42 INFO  org.testng.internal.Utils - [Utils] MethodGroupsHelper.sortMethods() took 18 ms.
2026-06-06 01:59:42 INFO  org.testng.internal.Utils - [Utils] MethodGroupsHelper.collectMethodsByGroup() took 0 ms.
2026-06-06 01:59:42 INFO  org.testng.internal.Utils - [Utils] MethodGroupsHelper.sortMethods() took 0 ms.
2026-06-06 01:59:42 INFO  org.testng.internal.Utils - [Utils] MethodGroupsHelper.collectMethodsByGroup() took 0 ms.
2026-06-06 01:59:42 INFO  org.testng.internal.Utils - [Utils] MethodGroupsHelper.sortMethods() took 0 ms.
2026-06-06 01:59:42 INFO  org.testng.internal.Utils - [Utils] MethodGroupsHelper.collectMethodsByGroup() took 0 ms.
2026-06-06 01:59:42 INFO  org.testng.internal.Utils - [Utils] MethodGroupsHelper.sortMethods() took 0 ms.
2026-06-06 01:59:42 INFO  org.testng.internal.Utils - [Utils] MethodGroupsHelper.collectMethodsByGroup() took 0 ms.
2026-06-06 01:59:42 INFO  org.testng.internal.Utils - [Utils] MethodGroupsHelper.sortMethods() took 0 ms.
2026-06-06 01:59:42 INFO  org.testng.internal.Utils - [Utils] MethodGroupsHelper.collectMethodsByGroup() took 0 ms.
2026-06-06 01:59:42 INFO  org.testng.internal.Utils - [Utils] MethodGroupsHelper.sortMethods() took 0 ms.
2026-06-06 01:59:42 INFO  org.testng.internal.Utils - [Utils] MethodGroupsHelper.collectMethodsByGroup() took 0 ms.
2026-06-06 01:59:42 INFO  org.testng.internal.Utils - [Utils] MethodGroupsHelper.sortMethods() took 0 ms.
2026-06-06 01:59:42 INFO  org.testng.internal.Utils - [Utils] MethodGroupsHelper.collectMethodsByGroup() took 0 ms.
2026-06-06 01:59:42 INFO  org.testng.internal.Utils - [Utils] MethodGroupsHelper.sortMethods() took 0 ms.
2026-06-06 01:59:42 INFO  org.testng.internal.Utils - [Utils] MethodGroupsHelper.collectMethodsByGroup() took 4 ms.
2026-06-06 01:59:42 INFO  org.testng.internal.Utils - [Utils] MethodGroupsHelper.sortMethods() took 19 ms.
2026-06-06 01:59:42 INFO  org.testng.internal.Utils - [Utils] MethodGroupsHelper.collectMethodsByGroup() took 0 ms.
2026-06-06 01:59:42 INFO  org.testng.internal.Utils - [Utils] MethodGroupsHelper.sortMethods() took 0 ms.
2026-06-06 01:59:42 INFO  org.testng.internal.Utils - [Utils] MethodGroupsHelper.collectMethodsByGroup() took 0 ms.
2026-06-06 01:59:42 INFO  org.testng.internal.Utils - [Utils] MethodGroupsHelper.sortMethods() took 0 ms.
2026-06-06 01:59:42 INFO  org.testng.internal.Utils - [TestNG] Running:
  /private/var/folders/1m/l_rj06c54fsbr6kjbknyg9700000gn/T/testng-eclipse--1125228789/testng-customsuite.xml

2026-06-06 01:59:42 INFO  org.testng.internal.Utils - [Utils] DynamicGraphHelper.createDynamicGraph() took 6 ms.
2026-06-06 01:59:43 INFO  io.github.bonigarcia.wdm.WebDriverManager - Using chromedriver 148.0.7778.178 (resolved driver for Chrome 148)
2026-06-06 01:59:43 INFO  io.github.bonigarcia.wdm.WebDriverManager - Exporting webdriver.chrome.driver as /Users/ritiksoni/.cache/selenium/chromedriver/mac64/148.0.7778.178/chromedriver
2026-06-06 02:00:20 INFO  org.testng.internal.Utils - [TestNG] Time taken by org.testng.reporters.jq.Main@2849434b: 89 ms
2026-06-06 02:00:20 INFO  org.testng.internal.Utils - [TestNG] Time taken by org.testng.reporters.FailedReporter@255eaa6b: 3 ms
2026-06-06 02:00:20 INFO  org.testng.internal.Utils - [TestNG] Time taken by org.testng.reporters.XMLReporter@895416d: 24 ms
2026-06-06 02:00:20 INFO  org.testng.internal.Utils - [TestNG] Time taken by org.testng.reporters.EmailableReporter2@7e74a380: 5 ms
2026-06-06 02:00:20 INFO  org.testng.internal.Utils - [TestNG] Time taken by org.testng.reporters.JUnitReportReporter@cb7fa71: 5 ms
2026-06-06 02:00:20 INFO  org.testng.internal.Utils - [TestNG] Time taken by org.testng.internal.ExitCodeListener@3dffc764: 0 ms
2026-06-06 02:01:27 INFO  org.testng.internal.Utils - [Utils] MethodGroupsHelper.collectMethodsByGroup() took 0 ms.
2026-06-06 02:01:27 INFO  org.testng.internal.Utils - [Utils] MethodGroupsHelper.sortMethods() took 0 ms.
2026-06-06 02:01:27 INFO  org.testng.internal.Utils - [Utils] MethodGroupsHelper.collectMethodsByGroup() took 0 ms.
2026-06-06 02:01:27 INFO  org.testng.internal.Utils - [Utils] MethodGroupsHelper.sortMethods() took 0 ms.
2026-06-06 02:01:27 INFO  org.testng.internal.Utils - [Utils] MethodGroupsHelper.collectMethodsByGroup() took 0 ms.
2026-06-06 02:01:27 INFO  org.testng.internal.Utils - [Utils] MethodGroupsHelper.sortMethods() took 0 ms.
2026-06-06 02:01:27 INFO  org.testng.internal.Utils - [Utils] MethodGroupsHelper.collectMethodsByGroup() took 0 ms.
2026-06-06 02:01:27 INFO  org.testng.internal.Utils - [Utils] MethodGroupsHelper.sortMethods() took 0 ms.
2026-06-06 02:01:27 INFO  org.testng.internal.Utils - [Utils] MethodGroupsHelper.collectMethodsByGroup() took 6 ms.
2026-06-06 02:01:27 INFO  org.testng.internal.Utils - [Utils] MethodGroupsHelper.sortMethods() took 20 ms.
2026-06-06 02:01:27 INFO  org.testng.internal.Utils - [Utils] MethodGroupsHelper.collectMethodsByGroup() took 0 ms.
2026-06-06 02:01:27 INFO  org.testng.internal.Utils - [Utils] MethodGroupsHelper.sortMethods() took 0 ms.
2026-06-06 02:01:27 INFO  org.testng.internal.Utils - [Utils] MethodGroupsHelper.collectMethodsByGroup() took 0 ms.
2026-06-06 02:01:27 INFO  org.testng.internal.Utils - [Utils] MethodGroupsHelper.sortMethods() took 0 ms.
2026-06-06 02:01:27 INFO  org.testng.internal.Utils - [Utils] MethodGroupsHelper.collectMethodsByGroup() took 0 ms.
2026-06-06 02:01:27 INFO  org.testng.internal.Utils - [Utils] MethodGroupsHelper.sortMethods() took 0 ms.
2026-06-06 02:01:27 INFO  org.testng.internal.Utils - [Utils] MethodGroupsHelper.collectMethodsByGroup() took 0 ms.
2026-06-06 02:01:27 INFO  org.testng.internal.Utils - [Utils] MethodGroupsHelper.sortMethods() took 0 ms.
2026-06-06 02:01:27 INFO  org.testng.internal.Utils - [Utils] MethodGroupsHelper.collectMethodsByGroup() took 0 ms.
2026-06-06 02:01:27 INFO  org.testng.internal.Utils - [Utils] MethodGroupsHelper.sortMethods() took 0 ms.
2026-06-06 02:01:27 INFO  org.testng.internal.Utils - [Utils] MethodGroupsHelper.collectMethodsByGroup() took 0 ms.
2026-06-06 02:01:27 INFO  org.testng.internal.Utils - [Utils] MethodGroupsHelper.sortMethods() took 0 ms.
2026-06-06 02:01:27 INFO  org.testng.internal.Utils - [Utils] MethodGroupsHelper.collectMethodsByGroup() took 0 ms.
2026-06-06 02:01:27 INFO  org.testng.internal.Utils - [Utils] MethodGroupsHelper.sortMethods() took 0 ms.
2026-06-06 02:01:27 INFO  org.testng.internal.Utils - [Utils] MethodGroupsHelper.collectMethodsByGroup() took 4 ms.
2026-06-06 02:01:27 INFO  org.testng.internal.Utils - [Utils] MethodGroupsHelper.sortMethods() took 12 ms.
2026-06-06 02:01:27 INFO  org.testng.internal.Utils - [Utils] MethodGroupsHelper.collectMethodsByGroup() took 0 ms.
2026-06-06 02:01:27 INFO  org.testng.internal.Utils - [Utils] MethodGroupsHelper.sortMethods() took 0 ms.
2026-06-06 02:01:27 INFO  org.testng.internal.Utils - [Utils] MethodGroupsHelper.collectMethodsByGroup() took 0 ms.
2026-06-06 02:01:27 INFO  org.testng.internal.Utils - [Utils] MethodGroupsHelper.sortMethods() took 0 ms.
2026-06-06 02:01:27 INFO  org.testng.internal.Utils - [TestNG] Running:
  /private/var/folders/1m/l_rj06c54fsbr6kjbknyg9700000gn/T/testng-eclipse-89777589/testng-customsuite.xml

2026-06-06 02:01:27 INFO  org.testng.internal.Utils - [Utils] DynamicGraphHelper.createDynamicGraph() took 5 ms.
2026-06-06 02:01:28 INFO  io.github.bonigarcia.wdm.WebDriverManager - Using chromedriver 148.0.7778.178 (resolved driver for Chrome 148)
2026-06-06 02:01:28 INFO  io.github.bonigarcia.wdm.WebDriverManager - Exporting webdriver.chrome.driver as /Users/ritiksoni/.cache/selenium/chromedriver/mac64/148.0.7778.178/chromedriver
2026-06-06 02:02:05 INFO  org.testng.internal.Utils - [TestNG] Time taken by org.testng.reporters.jq.Main@60bbacfc: 79 ms
2026-06-06 02:02:05 INFO  org.testng.internal.Utils - [TestNG] Time taken by org.testng.reporters.FailedReporter@476fe690: 4 ms
2026-06-06 02:02:05 INFO  org.testng.internal.Utils - [TestNG] Time taken by org.testng.reporters.XMLReporter@71a06021: 7 ms
2026-06-06 02:02:05 INFO  org.testng.internal.Utils - [TestNG] Time taken by org.testng.reporters.EmailableReporter2@6dd1c3ed: 11 ms
2026-06-06 02:02:05 INFO  org.testng.internal.Utils - [TestNG] Time taken by org.testng.reporters.JUnitReportReporter@3dffc764: 5 ms
2026-06-06 02:02:05 INFO  org.testng.internal.Utils - [TestNG] Time taken by org.testng.internal.ExitCodeListener@4b6e1c0: 0 ms
2026-06-06 02:02:29 INFO  org.testng.internal.Utils - [Utils] MethodGroupsHelper.collectMethodsByGroup() took 0 ms.
2026-06-06 02:02:29 INFO  org.testng.internal.Utils - [Utils] MethodGroupsHelper.sortMethods() took 1 ms.
2026-06-06 02:02:29 INFO  org.testng.internal.Utils - [Utils] MethodGroupsHelper.collectMethodsByGroup() took 0 ms.
2026-06-06 02:02:29 INFO  org.testng.internal.Utils - [Utils] MethodGroupsHelper.sortMethods() took 0 ms.
2026-06-06 02:02:29 INFO  org.testng.internal.Utils - [Utils] MethodGroupsHelper.collectMethodsByGroup() took 0 ms.
2026-06-06 02:02:29 INFO  org.testng.internal.Utils - [Utils] MethodGroupsHelper.sortMethods() took 0 ms.
2026-06-06 02:02:29 INFO  org.testng.internal.Utils - [Utils] MethodGroupsHelper.collectMethodsByGroup() took 0 ms.
2026-06-06 02:02:29 INFO  org.testng.internal.Utils - [Utils] MethodGroupsHelper.sortMethods() took 0 ms.
2026-06-06 02:02:29 INFO  org.testng.internal.Utils - [Utils] MethodGroupsHelper.collectMethodsByGroup() took 4 ms.
2026-06-06 02:02:29 INFO  org.testng.internal.Utils - [Utils] MethodGroupsHelper.sortMethods() took 39 ms.
2026-06-06 02:02:29 INFO  org.testng.internal.Utils - [Utils] MethodGroupsHelper.collectMethodsByGroup() took 0 ms.
2026-06-06 02:02:29 INFO  org.testng.internal.Utils - [Utils] MethodGroupsHelper.sortMethods() took 0 ms.
2026-06-06 02:02:29 INFO  org.testng.internal.Utils - [Utils] MethodGroupsHelper.collectMethodsByGroup() took 0 ms.
2026-06-06 02:02:29 INFO  org.testng.internal.Utils - [Utils] MethodGroupsHelper.sortMethods() took 0 ms.
2026-06-06 02:02:29 INFO  org.testng.internal.Utils - [Utils] MethodGroupsHelper.collectMethodsByGroup() took 0 ms.
2026-06-06 02:02:29 INFO  org.testng.internal.Utils - [Utils] MethodGroupsHelper.sortMethods() took 0 ms.
2026-06-06 02:02:29 INFO  org.testng.internal.Utils - [Utils] MethodGroupsHelper.collectMethodsByGroup() took 0 ms.
2026-06-06 02:02:29 INFO  org.testng.internal.Utils - [Utils] MethodGroupsHelper.sortMethods() took 0 ms.
2026-06-06 02:02:29 INFO  org.testng.internal.Utils - [Utils] MethodGroupsHelper.collectMethodsByGroup() took 0 ms.
2026-06-06 02:02:29 INFO  org.testng.internal.Utils - [Utils] MethodGroupsHelper.sortMethods() took 0 ms.
2026-06-06 02:02:29 INFO  org.testng.internal.Utils - [Utils] MethodGroupsHelper.collectMethodsByGroup() took 0 ms.
2026-06-06 02:02:29 INFO  org.testng.internal.Utils - [Utils] MethodGroupsHelper.sortMethods() took 0 ms.
2026-06-06 02:02:29 INFO  org.testng.internal.Utils - [Utils] MethodGroupsHelper.collectMethodsByGroup() took 0 ms.
2026-06-06 02:02:29 INFO  org.testng.internal.Utils - [Utils] MethodGroupsHelper.sortMethods() took 0 ms.
2026-06-06 02:02:29 INFO  org.testng.internal.Utils - [Utils] MethodGroupsHelper.collectMethodsByGroup() took 1 ms.
2026-06-06 02:02:29 INFO  org.testng.internal.Utils - [Utils] MethodGroupsHelper.sortMethods() took 3 ms.
2026-06-06 02:02:29 INFO  org.testng.internal.Utils - [Utils] MethodGroupsHelper.collectMethodsByGroup() took 0 ms.
2026-06-06 02:02:29 INFO  org.testng.internal.Utils - [Utils] MethodGroupsHelper.sortMethods() took 0 ms.
2026-06-06 02:02:29 INFO  org.testng.internal.Utils - [Utils] MethodGroupsHelper.collectMethodsByGroup() took 0 ms.
2026-06-06 02:02:29 INFO  org.testng.internal.Utils - [Utils] MethodGroupsHelper.sortMethods() took 0 ms.
2026-06-06 02:02:29 INFO  org.testng.internal.Utils - [TestNG] Running:
  /private/var/folders/1m/l_rj06c54fsbr6kjbknyg9700000gn/T/testng-eclipse-34986714/testng-customsuite.xml

2026-06-06 02:02:29 INFO  org.testng.internal.Utils - [Utils] DynamicGraphHelper.createDynamicGraph() took 6 ms.
2026-06-06 02:02:30 INFO  io.github.bonigarcia.wdm.WebDriverManager - Using chromedriver 148.0.7778.178 (resolved driver for Chrome 148)
2026-06-06 02:02:30 INFO  io.github.bonigarcia.wdm.WebDriverManager - Exporting webdriver.chrome.driver as /Users/ritiksoni/.cache/selenium/chromedriver/mac64/148.0.7778.178/chromedriver
2026-06-06 02:03:25 INFO  org.testng.internal.Utils - [TestNG] Time taken by org.testng.reporters.jq.Main@58f437b0: 49 ms
2026-06-06 02:03:25 INFO  org.testng.internal.Utils - [TestNG] Time taken by org.testng.reporters.FailedReporter@4c7e978c: 4 ms
2026-06-06 02:03:25 INFO  org.testng.internal.Utils - [TestNG] Time taken by org.testng.reporters.XMLReporter@3f50b680: 8 ms
2026-06-06 02:03:25 INFO  org.testng.internal.Utils - [TestNG] Time taken by org.testng.reporters.EmailableReporter2@7f6874f2: 5 ms
2026-06-06 02:03:25 INFO  org.testng.internal.Utils - [TestNG] Time taken by org.testng.reporters.JUnitReportReporter@78b612c6: 5 ms
2026-06-06 02:03:25 INFO  org.testng.internal.Utils - [TestNG] Time taken by org.testng.internal.ExitCodeListener@257e0827: 0 ms
2026-06-06 02:04:30 INFO  org.testng.internal.Utils - [Utils] MethodGroupsHelper.collectMethodsByGroup() took 0 ms.
2026-06-06 02:04:30 INFO  org.testng.internal.Utils - [Utils] MethodGroupsHelper.sortMethods() took 0 ms.
2026-06-06 02:04:30 INFO  org.testng.internal.Utils - [Utils] MethodGroupsHelper.collectMethodsByGroup() took 0 ms.
2026-06-06 02:04:30 INFO  org.testng.internal.Utils - [Utils] MethodGroupsHelper.sortMethods() took 0 ms.
2026-06-06 02:04:30 INFO  org.testng.internal.Utils - [Utils] MethodGroupsHelper.collectMethodsByGroup() took 0 ms.
2026-06-06 02:04:30 INFO  org.testng.internal.Utils - [Utils] MethodGroupsHelper.sortMethods() took 0 ms.
2026-06-06 02:04:30 INFO  org.testng.internal.Utils - [Utils] MethodGroupsHelper.collectMethodsByGroup() took 0 ms.
2026-06-06 02:04:30 INFO  org.testng.internal.Utils - [Utils] MethodGroupsHelper.sortMethods() took 0 ms.
2026-06-06 02:04:30 INFO  org.testng.internal.Utils - [Utils] MethodGroupsHelper.collectMethodsByGroup() took 5 ms.
2026-06-06 02:04:30 INFO  org.testng.internal.Utils - [Utils] MethodGroupsHelper.sortMethods() took 40 ms.
2026-06-06 02:04:30 INFO  org.testng.internal.Utils - [Utils] MethodGroupsHelper.collectMethodsByGroup() took 0 ms.
2026-06-06 02:04:30 INFO  org.testng.internal.Utils - [Utils] MethodGroupsHelper.sortMethods() took 0 ms.
2026-06-06 02:04:30 INFO  org.testng.internal.Utils - [Utils] MethodGroupsHelper.collectMethodsByGroup() took 0 ms.
2026-06-06 02:04:30 INFO  org.testng.internal.Utils - [Utils] MethodGroupsHelper.sortMethods() took 0 ms.
2026-06-06 02:04:30 INFO  org.testng.internal.Utils - [Utils] MethodGroupsHelper.collectMethodsByGroup() took 0 ms.
2026-06-06 02:04:30 INFO  org.testng.internal.Utils - [Utils] MethodGroupsHelper.sortMethods() took 0 ms.
2026-06-06 02:04:30 INFO  org.testng.internal.Utils - [Utils] MethodGroupsHelper.collectMethodsByGroup() took 0 ms.
2026-06-06 02:04:30 INFO  org.testng.internal.Utils - [Utils] MethodGroupsHelper.sortMethods() took 0 ms.
2026-06-06 02:04:30 INFO  org.testng.internal.Utils - [Utils] MethodGroupsHelper.collectMethodsByGroup() took 0 ms.
2026-06-06 02:04:30 INFO  org.testng.internal.Utils - [Utils] MethodGroupsHelper.sortMethods() took 0 ms.
2026-06-06 02:04:30 INFO  org.testng.internal.Utils - [Utils] MethodGroupsHelper.collectMethodsByGroup() took 0 ms.
2026-06-06 02:04:30 INFO  org.testng.internal.Utils - [Utils] MethodGroupsHelper.sortMethods() took 0 ms.
2026-06-06 02:04:30 INFO  org.testng.internal.Utils - [Utils] MethodGroupsHelper.collectMethodsByGroup() took 0 ms.
2026-06-06 02:04:30 INFO  org.testng.internal.Utils - [Utils] MethodGroupsHelper.sortMethods() took 0 ms.
2026-06-06 02:04:30 INFO  org.testng.internal.Utils - [Utils] MethodGroupsHelper.collectMethodsByGroup() took 1 ms.
2026-06-06 02:04:30 INFO  org.testng.internal.Utils - [Utils] MethodGroupsHelper.sortMethods() took 0 ms.
2026-06-06 02:04:30 INFO  org.testng.internal.Utils - [Utils] MethodGroupsHelper.collectMethodsByGroup() took 0 ms.
2026-06-06 02:04:30 INFO  org.testng.internal.Utils - [Utils] MethodGroupsHelper.sortMethods() took 0 ms.
2026-06-06 02:04:30 INFO  org.testng.internal.Utils - [Utils] MethodGroupsHelper.collectMethodsByGroup() took 0 ms.
2026-06-06 02:04:30 INFO  org.testng.internal.Utils - [Utils] MethodGroupsHelper.sortMethods() took 0 ms.
2026-06-06 02:04:30 INFO  org.testng.internal.Utils - [TestNG] Running:
  /private/var/folders/1m/l_rj06c54fsbr6kjbknyg9700000gn/T/testng-eclipse-1342179587/testng-customsuite.xml

2026-06-06 02:04:30 INFO  org.testng.internal.Utils - [Utils] DynamicGraphHelper.createDynamicGraph() took 5 ms.
2026-06-06 02:04:33 INFO  io.github.bonigarcia.wdm.WebDriverManager - Using chromedriver 148.0.7778.178 (resolved driver for Chrome 148)
2026-06-06 02:04:33 INFO  io.github.bonigarcia.wdm.WebDriverManager - Exporting webdriver.chrome.driver as /Users/ritiksoni/.cache/selenium/chromedriver/mac64/148.0.7778.178/chromedriver
2026-06-06 02:05:26 INFO  org.testng.internal.Utils - [TestNG] Time taken by org.testng.reporters.jq.Main@5edacf20: 65 ms
2026-06-06 02:05:26 INFO  org.testng.internal.Utils - [TestNG] Time taken by org.testng.reporters.FailedReporter@1220ef43: 2 ms
2026-06-06 02:05:26 INFO  org.testng.internal.Utils - [TestNG] Time taken by org.testng.reporters.XMLReporter@7650ded6: 9 ms
2026-06-06 02:05:26 INFO  org.testng.internal.Utils - [TestNG] Time taken by org.testng.reporters.EmailableReporter2@25f723b0: 7 ms
2026-06-06 02:05:26 INFO  org.testng.internal.Utils - [TestNG] Time taken by org.testng.reporters.JUnitReportReporter@27be17c8: 5 ms
2026-06-06 02:05:26 INFO  org.testng.internal.Utils - [TestNG] Time taken by org.testng.internal.ExitCodeListener@2c413ffc: 0 ms
2026-06-06 02:08:34 INFO  org.testng.internal.Utils - [Utils] MethodGroupsHelper.collectMethodsByGroup() took 0 ms.
2026-06-06 02:08:34 INFO  org.testng.internal.Utils - [Utils] MethodGroupsHelper.sortMethods() took 1 ms.
2026-06-06 02:08:34 INFO  org.testng.internal.Utils - [Utils] MethodGroupsHelper.collectMethodsByGroup() took 0 ms.
2026-06-06 02:08:34 INFO  org.testng.internal.Utils - [Utils] MethodGroupsHelper.sortMethods() took 0 ms.
2026-06-06 02:08:34 INFO  org.testng.internal.Utils - [Utils] MethodGroupsHelper.collectMethodsByGroup() took 0 ms.
2026-06-06 02:08:34 INFO  org.testng.internal.Utils - [Utils] MethodGroupsHelper.sortMethods() took 0 ms.
2026-06-06 02:08:34 INFO  org.testng.internal.Utils - [Utils] MethodGroupsHelper.collectMethodsByGroup() took 0 ms.
2026-06-06 02:08:34 INFO  org.testng.internal.Utils - [Utils] MethodGroupsHelper.sortMethods() took 0 ms.
2026-06-06 02:08:34 INFO  org.testng.internal.Utils - [Utils] MethodGroupsHelper.collectMethodsByGroup() took 3 ms.
2026-06-06 02:08:34 INFO  org.testng.internal.Utils - [Utils] MethodGroupsHelper.sortMethods() took 42 ms.
2026-06-06 02:08:34 INFO  org.testng.internal.Utils - [Utils] MethodGroupsHelper.collectMethodsByGroup() took 0 ms.
2026-06-06 02:08:34 INFO  org.testng.internal.Utils - [Utils] MethodGroupsHelper.sortMethods() took 0 ms.
2026-06-06 02:08:34 INFO  org.testng.internal.Utils - [Utils] MethodGroupsHelper.collectMethodsByGroup() took 0 ms.
2026-06-06 02:08:34 INFO  org.testng.internal.Utils - [Utils] MethodGroupsHelper.sortMethods() took 0 ms.
2026-06-06 02:08:34 INFO  org.testng.internal.Utils - [Utils] MethodGroupsHelper.collectMethodsByGroup() took 0 ms.
2026-06-06 02:08:34 INFO  org.testng.internal.Utils - [Utils] MethodGroupsHelper.sortMethods() took 0 ms.
2026-06-06 02:08:34 INFO  org.testng.internal.Utils - [Utils] MethodGroupsHelper.collectMethodsByGroup() took 0 ms.
2026-06-06 02:08:34 INFO  org.testng.internal.Utils - [Utils] MethodGroupsHelper.sortMethods() took 0 ms.
2026-06-06 02:08:34 INFO  org.testng.internal.Utils - [Utils] MethodGroupsHelper.collectMethodsByGroup() took 0 ms.
2026-06-06 02:08:34 INFO  org.testng.internal.Utils - [Utils] MethodGroupsHelper.sortMethods() took 0 ms.
2026-06-06 02:08:34 INFO  org.testng.internal.Utils - [Utils] MethodGroupsHelper.collectMethodsByGroup() took 0 ms.
2026-06-06 02:08:34 INFO  org.testng.internal.Utils - [Utils] MethodGroupsHelper.sortMethods() took 0 ms.
2026-06-06 02:08:34 INFO  org.testng.internal.Utils - [Utils] MethodGroupsHelper.collectMethodsByGroup() took 0 ms.
2026-06-06 02:08:34 INFO  org.testng.internal.Utils - [Utils] MethodGroupsHelper.sortMethods() took 0 ms.
2026-06-06 02:08:34 INFO  org.testng.internal.Utils - [Utils] MethodGroupsHelper.collectMethodsByGroup() took 2 ms.
2026-06-06 02:08:34 INFO  org.testng.internal.Utils - [Utils] MethodGroupsHelper.sortMethods() took 0 ms.
2026-06-06 02:08:34 INFO  org.testng.internal.Utils - [Utils] MethodGroupsHelper.collectMethodsByGroup() took 0 ms.
2026-06-06 02:08:34 INFO  org.testng.internal.Utils - [Utils] MethodGroupsHelper.sortMethods() took 0 ms.
2026-06-06 02:08:34 INFO  org.testng.internal.Utils - [Utils] MethodGroupsHelper.collectMethodsByGroup() took 0 ms.
2026-06-06 02:08:34 INFO  org.testng.internal.Utils - [Utils] MethodGroupsHelper.sortMethods() took 0 ms.
2026-06-06 02:08:34 INFO  org.testng.internal.Utils - [TestNG] Running:
  /private/var/folders/1m/l_rj06c54fsbr6kjbknyg9700000gn/T/testng-eclipse-793667741/testng-customsuite.xml

2026-06-06 02:08:34 INFO  org.testng.internal.Utils - [Utils] DynamicGraphHelper.createDynamicGraph() took 6 ms.
2026-06-06 02:08:35 INFO  io.github.bonigarcia.wdm.WebDriverManager - Using chromedriver 148.0.7778.178 (resolved driver for Chrome 148)
2026-06-06 02:08:35 INFO  io.github.bonigarcia.wdm.WebDriverManager - Exporting webdriver.chrome.driver as /Users/ritiksoni/.cache/selenium/chromedriver/mac64/148.0.7778.178/chromedriver
2026-06-06 02:09:59 INFO  org.testng.internal.Utils - [TestNG] Time taken by org.testng.reporters.jq.Main@161aa04a: 69 ms
2026-06-06 02:09:59 INFO  org.testng.internal.Utils - [TestNG] Time taken by org.testng.reporters.FailedReporter@149b0577: 4 ms
2026-06-06 02:09:59 INFO  org.testng.internal.Utils - [TestNG] Time taken by org.testng.reporters.XMLReporter@3c91530d: 9 ms
2026-06-06 02:09:59 INFO  org.testng.internal.Utils - [TestNG] Time taken by org.testng.reporters.EmailableReporter2@37854b34: 6 ms
2026-06-06 02:09:59 INFO  org.testng.internal.Utils - [TestNG] Time taken by org.testng.reporters.JUnitReportReporter@7cca01a8: 5 ms
2026-06-06 02:09:59 INFO  org.testng.internal.Utils - [TestNG] Time taken by org.testng.internal.ExitCodeListener@462abec3: 0 ms
2026-06-06 02:11:02 INFO  org.testng.internal.Utils - [TestNG] Running:
  /Users/ritiksoni/Capstone_Guru99/Guru99BankFramework/testng.xml

2026-06-06 02:11:03 INFO  io.github.bonigarcia.wdm.WebDriverManager - Using chromedriver 148.0.7778.178 (resolved driver for Chrome 148)
2026-06-06 02:11:03 INFO  io.github.bonigarcia.wdm.WebDriverManager - Exporting webdriver.chrome.driver as /Users/ritiksoni/.cache/selenium/chromedriver/mac64/148.0.7778.178/chromedriver
2026-06-06 02:11:39 INFO  io.github.bonigarcia.wdm.WebDriverManager - Using chromedriver 148.0.7778.178 (resolved driver for Chrome 148)
2026-06-06 02:11:39 INFO  io.github.bonigarcia.wdm.WebDriverManager - Exporting webdriver.chrome.driver as /Users/ritiksoni/.cache/selenium/chromedriver/mac64/148.0.7778.178/chromedriver
2026-06-06 02:12:23 INFO  io.github.bonigarcia.wdm.WebDriverManager - Using chromedriver 148.0.7778.178 (resolved driver for Chrome 148)
2026-06-06 02:12:23 INFO  io.github.bonigarcia.wdm.WebDriverManager - Exporting webdriver.chrome.driver as /Users/ritiksoni/.cache/selenium/chromedriver/mac64/148.0.7778.178/chromedriver
2026-06-06 02:13:07 INFO  io.github.bonigarcia.wdm.WebDriverManager - Using chromedriver 148.0.7778.178 (resolved driver for Chrome 148)
2026-06-06 02:13:07 INFO  io.github.bonigarcia.wdm.WebDriverManager - Exporting webdriver.chrome.driver as /Users/ritiksoni/.cache/selenium/chromedriver/mac64/148.0.7778.178/chromedriver
2026-06-06 02:14:09 INFO  io.github.bonigarcia.wdm.WebDriverManager - Using chromedriver 148.0.7778.178 (resolved driver for Chrome 148)
2026-06-06 02:14:09 INFO  io.github.bonigarcia.wdm.WebDriverManager - Exporting webdriver.chrome.driver as /Users/ritiksoni/.cache/selenium/chromedriver/mac64/148.0.7778.178/chromedriver
2026-06-06 02:18:05 INFO  org.testng.internal.Utils - [Utils] MethodGroupsHelper.collectMethodsByGroup() took 0 ms.
2026-06-06 02:18:05 INFO  org.testng.internal.Utils - [Utils] MethodGroupsHelper.sortMethods() took 0 ms.
2026-06-06 02:18:05 INFO  org.testng.internal.Utils - [Utils] MethodGroupsHelper.collectMethodsByGroup() took 0 ms.
2026-06-06 02:18:05 INFO  org.testng.internal.Utils - [Utils] MethodGroupsHelper.sortMethods() took 0 ms.
2026-06-06 02:18:05 INFO  org.testng.internal.Utils - [Utils] MethodGroupsHelper.collectMethodsByGroup() took 0 ms.
2026-06-06 02:18:05 INFO  org.testng.internal.Utils - [Utils] MethodGroupsHelper.sortMethods() took 0 ms.
2026-06-06 02:18:05 INFO  org.testng.internal.Utils - [Utils] MethodGroupsHelper.collectMethodsByGroup() took 0 ms.
2026-06-06 02:18:05 INFO  org.testng.internal.Utils - [Utils] MethodGroupsHelper.sortMethods() took 0 ms.
2026-06-06 02:18:05 INFO  org.testng.internal.Utils - [Utils] MethodGroupsHelper.collectMethodsByGroup() took 5 ms.
2026-06-06 02:18:05 INFO  org.testng.internal.Utils - [Utils] MethodGroupsHelper.sortMethods() took 43 ms.
2026-06-06 02:18:05 INFO  org.testng.internal.Utils - [Utils] MethodGroupsHelper.collectMethodsByGroup() took 0 ms.
2026-06-06 02:18:05 INFO  org.testng.internal.Utils - [Utils] MethodGroupsHelper.sortMethods() took 0 ms.
2026-06-06 02:18:06 INFO  org.testng.internal.Utils - [Utils] MethodGroupsHelper.collectMethodsByGroup() took 0 ms.
2026-06-06 02:18:06 INFO  org.testng.internal.Utils - [Utils] MethodGroupsHelper.sortMethods() took 0 ms.
2026-06-06 02:18:06 INFO  org.testng.internal.Utils - [Utils] MethodGroupsHelper.collectMethodsByGroup() took 0 ms.
2026-06-06 02:18:06 INFO  org.testng.internal.Utils - [Utils] MethodGroupsHelper.sortMethods() took 0 ms.
2026-06-06 02:18:06 INFO  org.testng.internal.Utils - [Utils] MethodGroupsHelper.collectMethodsByGroup() took 0 ms.
2026-06-06 02:18:06 INFO  org.testng.internal.Utils - [Utils] MethodGroupsHelper.sortMethods() took 0 ms.
2026-06-06 02:18:06 INFO  org.testng.internal.Utils - [Utils] MethodGroupsHelper.collectMethodsByGroup() took 0 ms.
2026-06-06 02:18:06 INFO  org.testng.internal.Utils - [Utils] MethodGroupsHelper.sortMethods() took 0 ms.
2026-06-06 02:18:06 INFO  org.testng.internal.Utils - [Utils] MethodGroupsHelper.collectMethodsByGroup() took 0 ms.
2026-06-06 02:18:06 INFO  org.testng.internal.Utils - [Utils] MethodGroupsHelper.sortMethods() took 0 ms.
2026-06-06 02:18:06 INFO  org.testng.internal.Utils - [Utils] MethodGroupsHelper.collectMethodsByGroup() took 0 ms.
2026-06-06 02:18:06 INFO  org.testng.internal.Utils - [Utils] MethodGroupsHelper.sortMethods() took 0 ms.
2026-06-06 02:18:06 INFO  org.testng.internal.Utils - [Utils] MethodGroupsHelper.collectMethodsByGroup() took 1 ms.
2026-06-06 02:18:06 INFO  org.testng.internal.Utils - [Utils] MethodGroupsHelper.sortMethods() took 1 ms.
2026-06-06 02:18:06 INFO  org.testng.internal.Utils - [Utils] MethodGroupsHelper.collectMethodsByGroup() took 0 ms.
2026-06-06 02:18:06 INFO  org.testng.internal.Utils - [Utils] MethodGroupsHelper.sortMethods() took 0 ms.
2026-06-06 02:18:06 INFO  org.testng.internal.Utils - [Utils] MethodGroupsHelper.collectMethodsByGroup() took 0 ms.
2026-06-06 02:18:06 INFO  org.testng.internal.Utils - [Utils] MethodGroupsHelper.sortMethods() took 0 ms.
2026-06-06 02:18:06 INFO  org.testng.internal.Utils - [TestNG] Running:
  /private/var/folders/1m/l_rj06c54fsbr6kjbknyg9700000gn/T/testng-eclipse-445466697/testng-customsuite.xml

2026-06-06 02:18:06 INFO  org.testng.internal.Utils - [Utils] DynamicGraphHelper.createDynamicGraph() took 6 ms.
2026-06-06 02:18:06 INFO  io.github.bonigarcia.wdm.WebDriverManager - Using chromedriver 148.0.7778.178 (resolved driver for Chrome 148)
2026-06-06 02:18:06 INFO  io.github.bonigarcia.wdm.WebDriverManager - Exporting webdriver.chrome.driver as /Users/ritiksoni/.cache/selenium/chromedriver/mac64/148.0.7778.178/chromedriver
2026-06-06 02:18:45 INFO  org.testng.internal.Utils - [TestNG] Time taken by org.testng.reporters.jq.Main@2f897dab: 70 ms
2026-06-06 02:18:45 INFO  org.testng.internal.Utils - [TestNG] Time taken by org.testng.reporters.FailedReporter@4f89331f: 27 ms
2026-06-06 02:18:45 INFO  org.testng.internal.Utils - [TestNG] Time taken by org.testng.reporters.XMLReporter@142213d5: 21 ms
2026-06-06 02:18:45 INFO  org.testng.internal.Utils - [TestNG] Time taken by org.testng.reporters.EmailableReporter2@48b4a043: 14 ms
2026-06-06 02:18:45 INFO  org.testng.internal.Utils - [TestNG] Time taken by org.testng.reporters.JUnitReportReporter@1b956cfa: 13 ms
2026-06-06 02:18:45 INFO  org.testng.internal.Utils - [TestNG] Time taken by org.testng.internal.ExitCodeListener@315f09ef: 0 ms
2026-06-06 02:25:11 INFO  org.testng.internal.Utils - [Utils] MethodGroupsHelper.collectMethodsByGroup() took 0 ms.
2026-06-06 02:25:11 INFO  org.testng.internal.Utils - [Utils] MethodGroupsHelper.sortMethods() took 1 ms.
2026-06-06 02:25:11 INFO  org.testng.internal.Utils - [Utils] MethodGroupsHelper.collectMethodsByGroup() took 0 ms.
2026-06-06 02:25:11 INFO  org.testng.internal.Utils - [Utils] MethodGroupsHelper.sortMethods() took 0 ms.
2026-06-06 02:25:11 INFO  org.testng.internal.Utils - [Utils] MethodGroupsHelper.collectMethodsByGroup() took 0 ms.
2026-06-06 02:25:11 INFO  org.testng.internal.Utils - [Utils] MethodGroupsHelper.sortMethods() took 0 ms.
2026-06-06 02:25:11 INFO  org.testng.internal.Utils - [Utils] MethodGroupsHelper.collectMethodsByGroup() took 0 ms.
2026-06-06 02:25:11 INFO  org.testng.internal.Utils - [Utils] MethodGroupsHelper.sortMethods() took 0 ms.
2026-06-06 02:25:11 INFO  org.testng.internal.Utils - [Utils] MethodGroupsHelper.collectMethodsByGroup() took 4 ms.
2026-06-06 02:25:11 INFO  org.testng.internal.Utils - [Utils] MethodGroupsHelper.sortMethods() took 43 ms.
2026-06-06 02:25:11 INFO  org.testng.internal.Utils - [Utils] MethodGroupsHelper.collectMethodsByGroup() took 0 ms.
2026-06-06 02:25:11 INFO  org.testng.internal.Utils - [Utils] MethodGroupsHelper.sortMethods() took 0 ms.
2026-06-06 02:25:11 INFO  org.testng.internal.Utils - [Utils] MethodGroupsHelper.collectMethodsByGroup() took 0 ms.
2026-06-06 02:25:11 INFO  org.testng.internal.Utils - [Utils] MethodGroupsHelper.sortMethods() took 0 ms.
2026-06-06 02:25:11 INFO  org.testng.internal.Utils - [Utils] MethodGroupsHelper.collectMethodsByGroup() took 0 ms.
2026-06-06 02:25:11 INFO  org.testng.internal.Utils - [Utils] MethodGroupsHelper.sortMethods() took 0 ms.
2026-06-06 02:25:11 INFO  org.testng.internal.Utils - [Utils] MethodGroupsHelper.collectMethodsByGroup() took 0 ms.
2026-06-06 02:25:11 INFO  org.testng.internal.Utils - [Utils] MethodGroupsHelper.sortMethods() took 0 ms.
2026-06-06 02:25:11 INFO  org.testng.internal.Utils - [Utils] MethodGroupsHelper.collectMethodsByGroup() took 0 ms.
2026-06-06 02:25:11 INFO  org.testng.internal.Utils - [Utils] MethodGroupsHelper.sortMethods() took 0 ms.
2026-06-06 02:25:11 INFO  org.testng.internal.Utils - [Utils] MethodGroupsHelper.collectMethodsByGroup() took 0 ms.
2026-06-06 02:25:11 INFO  org.testng.internal.Utils - [Utils] MethodGroupsHelper.sortMethods() took 0 ms.
2026-06-06 02:25:11 INFO  org.testng.internal.Utils - [Utils] MethodGroupsHelper.collectMethodsByGroup() took 0 ms.
2026-06-06 02:25:11 INFO  org.testng.internal.Utils - [Utils] MethodGroupsHelper.sortMethods() took 0 ms.
2026-06-06 02:25:11 INFO  org.testng.internal.Utils - [Utils] MethodGroupsHelper.collectMethodsByGroup() took 2 ms.
2026-06-06 02:25:11 INFO  org.testng.internal.Utils - [Utils] MethodGroupsHelper.sortMethods() took 1 ms.
2026-06-06 02:25:11 INFO  org.testng.internal.Utils - [Utils] MethodGroupsHelper.collectMethodsByGroup() took 0 ms.
2026-06-06 02:25:11 INFO  org.testng.internal.Utils - [Utils] MethodGroupsHelper.sortMethods() took 0 ms.
2026-06-06 02:25:11 INFO  org.testng.internal.Utils - [Utils] MethodGroupsHelper.collectMethodsByGroup() took 0 ms.
2026-06-06 02:25:11 INFO  org.testng.internal.Utils - [Utils] MethodGroupsHelper.sortMethods() took 0 ms.
2026-06-06 02:25:11 INFO  org.testng.internal.Utils - [TestNG] Running:
  /private/var/folders/1m/l_rj06c54fsbr6kjbknyg9700000gn/T/testng-eclipse-186339696/testng-customsuite.xml

2026-06-06 02:25:11 INFO  org.testng.internal.Utils - [Utils] DynamicGraphHelper.createDynamicGraph() took 5 ms.
2026-06-06 02:25:12 INFO  io.github.bonigarcia.wdm.WebDriverManager - Using chromedriver 148.0.7778.178 (resolved driver for Chrome 148)
2026-06-06 02:25:12 INFO  io.github.bonigarcia.wdm.WebDriverManager - Exporting webdriver.chrome.driver as /Users/ritiksoni/.cache/selenium/chromedriver/mac64/148.0.7778.178/chromedriver
2026-06-06 02:26:35 INFO  org.testng.internal.Utils - [TestNG] Time taken by org.testng.reporters.jq.Main@3c50ad4b: 65 ms
2026-06-06 02:26:35 INFO  org.testng.internal.Utils - [TestNG] Time taken by org.testng.reporters.FailedReporter@17947e6d: 5 ms
2026-06-06 02:26:35 INFO  org.testng.internal.Utils - [TestNG] Time taken by org.testng.reporters.XMLReporter@12a14b74: 10 ms
2026-06-06 02:26:35 INFO  org.testng.internal.Utils - [TestNG] Time taken by org.testng.reporters.EmailableReporter2@696b4a95: 4 ms
2026-06-06 02:26:35 INFO  org.testng.internal.Utils - [TestNG] Time taken by org.testng.reporters.JUnitReportReporter@330c1f61: 5 ms
2026-06-06 02:26:35 INFO  org.testng.internal.Utils - [TestNG] Time taken by org.testng.internal.ExitCodeListener@37d28f02: 0 ms
2026-06-06 02:31:45 INFO  org.testng.internal.Utils - [Utils] MethodGroupsHelper.collectMethodsByGroup() took 0 ms.
2026-06-06 02:31:45 INFO  org.testng.internal.Utils - [Utils] MethodGroupsHelper.sortMethods() took 2 ms.
2026-06-06 02:31:45 INFO  org.testng.internal.Utils - [Utils] MethodGroupsHelper.collectMethodsByGroup() took 0 ms.
2026-06-06 02:31:45 INFO  org.testng.internal.Utils - [Utils] MethodGroupsHelper.sortMethods() took 0 ms.
2026-06-06 02:31:45 INFO  org.testng.internal.Utils - [Utils] MethodGroupsHelper.collectMethodsByGroup() took 0 ms.
2026-06-06 02:31:45 INFO  org.testng.internal.Utils - [Utils] MethodGroupsHelper.sortMethods() took 0 ms.
2026-06-06 02:31:45 INFO  org.testng.internal.Utils - [Utils] MethodGroupsHelper.collectMethodsByGroup() took 0 ms.
2026-06-06 02:31:45 INFO  org.testng.internal.Utils - [Utils] MethodGroupsHelper.sortMethods() took 0 ms.
2026-06-06 02:31:45 INFO  org.testng.internal.Utils - [Utils] MethodGroupsHelper.collectMethodsByGroup() took 6 ms.
2026-06-06 02:31:45 INFO  org.testng.internal.Utils - [Utils] MethodGroupsHelper.sortMethods() took 17 ms.
2026-06-06 02:31:45 INFO  org.testng.internal.Utils - [Utils] MethodGroupsHelper.collectMethodsByGroup() took 0 ms.
2026-06-06 02:31:45 INFO  org.testng.internal.Utils - [Utils] MethodGroupsHelper.sortMethods() took 0 ms.
2026-06-06 02:31:45 INFO  org.testng.internal.Utils - [Utils] MethodGroupsHelper.collectMethodsByGroup() took 0 ms.
2026-06-06 02:31:45 INFO  org.testng.internal.Utils - [Utils] MethodGroupsHelper.sortMethods() took 0 ms.
2026-06-06 02:31:45 INFO  org.testng.internal.Utils - [Utils] MethodGroupsHelper.collectMethodsByGroup() took 0 ms.
2026-06-06 02:31:45 INFO  org.testng.internal.Utils - [Utils] MethodGroupsHelper.sortMethods() took 0 ms.
2026-06-06 02:31:45 INFO  org.testng.internal.Utils - [Utils] MethodGroupsHelper.collectMethodsByGroup() took 0 ms.
2026-06-06 02:31:45 INFO  org.testng.internal.Utils - [Utils] MethodGroupsHelper.sortMethods() took 0 ms.
2026-06-06 02:31:45 INFO  org.testng.internal.Utils - [Utils] MethodGroupsHelper.collectMethodsByGroup() took 0 ms.
2026-06-06 02:31:45 INFO  org.testng.internal.Utils - [Utils] MethodGroupsHelper.sortMethods() took 0 ms.
2026-06-06 02:31:45 INFO  org.testng.internal.Utils - [Utils] MethodGroupsHelper.collectMethodsByGroup() took 0 ms.
2026-06-06 02:31:45 INFO  org.testng.internal.Utils - [Utils] MethodGroupsHelper.sortMethods() took 0 ms.
2026-06-06 02:31:45 INFO  org.testng.internal.Utils - [Utils] MethodGroupsHelper.collectMethodsByGroup() took 0 ms.
2026-06-06 02:31:45 INFO  org.testng.internal.Utils - [Utils] MethodGroupsHelper.sortMethods() took 0 ms.
2026-06-06 02:31:45 INFO  org.testng.internal.Utils - [Utils] MethodGroupsHelper.collectMethodsByGroup() took 4 ms.
2026-06-06 02:31:45 INFO  org.testng.internal.Utils - [Utils] MethodGroupsHelper.sortMethods() took 14 ms.
2026-06-06 02:31:45 INFO  org.testng.internal.Utils - [Utils] MethodGroupsHelper.collectMethodsByGroup() took 0 ms.
2026-06-06 02:31:45 INFO  org.testng.internal.Utils - [Utils] MethodGroupsHelper.sortMethods() took 0 ms.
2026-06-06 02:31:45 INFO  org.testng.internal.Utils - [Utils] MethodGroupsHelper.collectMethodsByGroup() took 0 ms.
2026-06-06 02:31:45 INFO  org.testng.internal.Utils - [Utils] MethodGroupsHelper.sortMethods() took 0 ms.
2026-06-06 02:31:45 INFO  org.testng.internal.Utils - [TestNG] Running:
  /private/var/folders/1m/l_rj06c54fsbr6kjbknyg9700000gn/T/testng-eclipse-1391172392/testng-customsuite.xml

2026-06-06 02:31:45 INFO  org.testng.internal.Utils - [Utils] DynamicGraphHelper.createDynamicGraph() took 4 ms.
2026-06-06 02:31:46 INFO  io.github.bonigarcia.wdm.WebDriverManager - Using chromedriver 148.0.7778.178 (resolved driver for Chrome 148)
2026-06-06 02:31:46 INFO  io.github.bonigarcia.wdm.WebDriverManager - Exporting webdriver.chrome.driver as /Users/ritiksoni/.cache/selenium/chromedriver/mac64/148.0.7778.178/chromedriver
2026-06-06 02:32:24 INFO  org.testng.internal.Utils - [TestNG] Time taken by org.testng.reporters.jq.Main@63c12e52: 88 ms
2026-06-06 02:32:24 INFO  org.testng.internal.Utils - [TestNG] Time taken by org.testng.reporters.FailedReporter@421056e5: 1 ms
2026-06-06 02:32:24 INFO  org.testng.internal.Utils - [TestNG] Time taken by org.testng.reporters.XMLReporter@cdb2d95: 6 ms
2026-06-06 02:32:24 INFO  org.testng.internal.Utils - [TestNG] Time taken by org.testng.reporters.EmailableReporter2@117525fe: 6 ms
2026-06-06 02:32:24 INFO  org.testng.internal.Utils - [TestNG] Time taken by org.testng.reporters.JUnitReportReporter@55e42449: 4 ms
2026-06-06 02:32:24 INFO  org.testng.internal.Utils - [TestNG] Time taken by org.testng.internal.ExitCodeListener@e57e5d6: 0 ms
2026-06-06 02:33:10 INFO  org.testng.internal.Utils - [Utils] MethodGroupsHelper.collectMethodsByGroup() took 0 ms.
2026-06-06 02:33:10 INFO  org.testng.internal.Utils - [Utils] MethodGroupsHelper.sortMethods() took 0 ms.
2026-06-06 02:33:10 INFO  org.testng.internal.Utils - [Utils] MethodGroupsHelper.collectMethodsByGroup() took 0 ms.
2026-06-06 02:33:10 INFO  org.testng.internal.Utils - [Utils] MethodGroupsHelper.sortMethods() took 0 ms.
2026-06-06 02:33:10 INFO  org.testng.internal.Utils - [Utils] MethodGroupsHelper.collectMethodsByGroup() took 0 ms.
2026-06-06 02:33:10 INFO  org.testng.internal.Utils - [Utils] MethodGroupsHelper.sortMethods() took 0 ms.
2026-06-06 02:33:10 INFO  org.testng.internal.Utils - [Utils] MethodGroupsHelper.collectMethodsByGroup() took 0 ms.
2026-06-06 02:33:10 INFO  org.testng.internal.Utils - [Utils] MethodGroupsHelper.sortMethods() took 0 ms.
2026-06-06 02:33:10 INFO  org.testng.internal.Utils - [Utils] MethodGroupsHelper.collectMethodsByGroup() took 5 ms.
2026-06-06 02:33:10 INFO  org.testng.internal.Utils - [Utils] MethodGroupsHelper.sortMethods() took 17 ms.
2026-06-06 02:33:10 INFO  org.testng.internal.Utils - [Utils] MethodGroupsHelper.collectMethodsByGroup() took 0 ms.
2026-06-06 02:33:10 INFO  org.testng.internal.Utils - [Utils] MethodGroupsHelper.sortMethods() took 0 ms.
2026-06-06 02:33:10 INFO  org.testng.internal.Utils - [Utils] MethodGroupsHelper.collectMethodsByGroup() took 0 ms.
2026-06-06 02:33:10 INFO  org.testng.internal.Utils - [Utils] MethodGroupsHelper.sortMethods() took 0 ms.
2026-06-06 02:33:10 INFO  org.testng.internal.Utils - [Utils] MethodGroupsHelper.collectMethodsByGroup() took 0 ms.
2026-06-06 02:33:10 INFO  org.testng.internal.Utils - [Utils] MethodGroupsHelper.sortMethods() took 0 ms.
2026-06-06 02:33:10 INFO  org.testng.internal.Utils - [Utils] MethodGroupsHelper.collectMethodsByGroup() took 0 ms.
2026-06-06 02:33:10 INFO  org.testng.internal.Utils - [Utils] MethodGroupsHelper.sortMethods() took 0 ms.
2026-06-06 02:33:10 INFO  org.testng.internal.Utils - [Utils] MethodGroupsHelper.collectMethodsByGroup() took 0 ms.
2026-06-06 02:33:10 INFO  org.testng.internal.Utils - [Utils] MethodGroupsHelper.sortMethods() took 0 ms.
2026-06-06 02:33:10 INFO  org.testng.internal.Utils - [Utils] MethodGroupsHelper.collectMethodsByGroup() took 0 ms.
2026-06-06 02:33:10 INFO  org.testng.internal.Utils - [Utils] MethodGroupsHelper.sortMethods() took 0 ms.
2026-06-06 02:33:10 INFO  org.testng.internal.Utils - [Utils] MethodGroupsHelper.collectMethodsByGroup() took 0 ms.
2026-06-06 02:33:10 INFO  org.testng.internal.Utils - [Utils] MethodGroupsHelper.sortMethods() took 0 ms.
2026-06-06 02:33:10 INFO  org.testng.internal.Utils - [Utils] MethodGroupsHelper.collectMethodsByGroup() took 4 ms.
2026-06-06 02:33:10 INFO  org.testng.internal.Utils - [Utils] MethodGroupsHelper.sortMethods() took 16 ms.
2026-06-06 02:33:10 INFO  org.testng.internal.Utils - [Utils] MethodGroupsHelper.collectMethodsByGroup() took 0 ms.
2026-06-06 02:33:10 INFO  org.testng.internal.Utils - [Utils] MethodGroupsHelper.sortMethods() took 0 ms.
2026-06-06 02:33:10 INFO  org.testng.internal.Utils - [Utils] MethodGroupsHelper.collectMethodsByGroup() took 0 ms.
2026-06-06 02:33:10 INFO  org.testng.internal.Utils - [Utils] MethodGroupsHelper.sortMethods() took 0 ms.
2026-06-06 02:33:10 INFO  org.testng.internal.Utils - [TestNG] Running:
  /private/var/folders/1m/l_rj06c54fsbr6kjbknyg9700000gn/T/testng-eclipse--1588818397/testng-customsuite.xml

2026-06-06 02:33:10 INFO  org.testng.internal.Utils - [Utils] DynamicGraphHelper.createDynamicGraph() took 5 ms.
2026-06-06 02:33:11 INFO  io.github.bonigarcia.wdm.WebDriverManager - Using chromedriver 148.0.7778.178 (resolved driver for Chrome 148)
2026-06-06 02:33:11 INFO  io.github.bonigarcia.wdm.WebDriverManager - Exporting webdriver.chrome.driver as /Users/ritiksoni/.cache/selenium/chromedriver/mac64/148.0.7778.178/chromedriver
2026-06-06 02:33:49 INFO  org.testng.internal.Utils - [TestNG] Time taken by org.testng.reporters.jq.Main@2849434b: 75 ms
2026-06-06 02:33:49 INFO  org.testng.internal.Utils - [TestNG] Time taken by org.testng.reporters.FailedReporter@255eaa6b: 1 ms
2026-06-06 02:33:49 INFO  org.testng.internal.Utils - [TestNG] Time taken by org.testng.reporters.XMLReporter@895416d: 8 ms
2026-06-06 02:33:49 INFO  org.testng.internal.Utils - [TestNG] Time taken by org.testng.reporters.EmailableReporter2@7e74a380: 6 ms
2026-06-06 02:33:49 INFO  org.testng.internal.Utils - [TestNG] Time taken by org.testng.reporters.JUnitReportReporter@cb7fa71: 6 ms
2026-06-06 02:33:49 INFO  org.testng.internal.Utils - [TestNG] Time taken by org.testng.internal.ExitCodeListener@3dffc764: 0 ms
2026-06-06 02:36:22 INFO  org.testng.internal.Utils - [TestNG] Running:
  /Users/ritiksoni/Capstone_Guru99/Guru99BankFramework/testng.xml

2026-06-06 02:36:23 INFO  io.github.bonigarcia.wdm.WebDriverManager - Using chromedriver 148.0.7778.178 (resolved driver for Chrome 148)
2026-06-06 02:36:23 INFO  io.github.bonigarcia.wdm.WebDriverManager - Exporting webdriver.chrome.driver as /Users/ritiksoni/.cache/selenium/chromedriver/mac64/148.0.7778.178/chromedriver
2026-06-06 02:36:59 INFO  io.github.bonigarcia.wdm.WebDriverManager - Using chromedriver 148.0.7778.178 (resolved driver for Chrome 148)
2026-06-06 02:36:59 INFO  io.github.bonigarcia.wdm.WebDriverManager - Exporting webdriver.chrome.driver as /Users/ritiksoni/.cache/selenium/chromedriver/mac64/148.0.7778.178/chromedriver
2026-06-06 02:37:40 INFO  io.github.bonigarcia.wdm.WebDriverManager - Using chromedriver 148.0.7778.178 (resolved driver for Chrome 148)
2026-06-06 02:37:40 INFO  io.github.bonigarcia.wdm.WebDriverManager - Exporting webdriver.chrome.driver as /Users/ritiksoni/.cache/selenium/chromedriver/mac64/148.0.7778.178/chromedriver
2026-06-06 02:38:29 INFO  io.github.bonigarcia.wdm.WebDriverManager - Using chromedriver 148.0.7778.178 (resolved driver for Chrome 148)
2026-06-06 02:38:29 INFO  io.github.bonigarcia.wdm.WebDriverManager - Exporting webdriver.chrome.driver as /Users/ritiksoni/.cache/selenium/chromedriver/mac64/148.0.7778.178/chromedriver
2026-06-06 02:39:48 INFO  io.github.bonigarcia.wdm.WebDriverManager - Using chromedriver 148.0.7778.178 (resolved driver for Chrome 148)
2026-06-06 02:39:48 INFO  io.github.bonigarcia.wdm.WebDriverManager - Exporting webdriver.chrome.driver as /Users/ritiksoni/.cache/selenium/chromedriver/mac64/148.0.7778.178/chromedriver
2026-06-06 02:48:16 INFO  org.testng.internal.Utils - [TestNG] Running:
  /Users/ritiksoni/Capstone_Guru99/Guru99BankFramework/testng.xml

2026-06-06 02:48:17 INFO  io.github.bonigarcia.wdm.WebDriverManager - Using chromedriver 148.0.7778.178 (resolved driver for Chrome 148)
2026-06-06 02:48:17 INFO  io.github.bonigarcia.wdm.WebDriverManager - Exporting webdriver.chrome.driver as /Users/ritiksoni/.cache/selenium/chromedriver/mac64/148.0.7778.178/chromedriver
2026-06-06 02:48:54 INFO  io.github.bonigarcia.wdm.WebDriverManager - Using chromedriver 148.0.7778.178 (resolved driver for Chrome 148)
2026-06-06 02:48:54 INFO  io.github.bonigarcia.wdm.WebDriverManager - Exporting webdriver.chrome.driver as /Users/ritiksoni/.cache/selenium/chromedriver/mac64/148.0.7778.178/chromedriver
2026-06-06 02:49:34 INFO  io.github.bonigarcia.wdm.WebDriverManager - Using chromedriver 148.0.7778.178 (resolved driver for Chrome 148)
2026-06-06 02:49:34 INFO  io.github.bonigarcia.wdm.WebDriverManager - Exporting webdriver.chrome.driver as /Users/ritiksoni/.cache/selenium/chromedriver/mac64/148.0.7778.178/chromedriver
2026-06-06 02:49:44 INFO  io.github.bonigarcia.wdm.WebDriverManager - Using chromedriver 148.0.7778.178 (resolved driver for Chrome 148)
2026-06-06 02:49:44 INFO  io.github.bonigarcia.wdm.WebDriverManager - Exporting webdriver.chrome.driver as /Users/ritiksoni/.cache/selenium/chromedriver/mac64/148.0.7778.178/chromedriver
2026-06-06 02:51:00 INFO  io.github.bonigarcia.wdm.WebDriverManager - Using chromedriver 148.0.7778.178 (resolved driver for Chrome 148)
2026-06-06 02:51:00 INFO  io.github.bonigarcia.wdm.WebDriverManager - Exporting webdriver.chrome.driver as /Users/ritiksoni/.cache/selenium/chromedriver/mac64/148.0.7778.178/chromedriver
2026-06-06 02:53:44 INFO  org.testng.internal.Utils - [TestNG] Running:
  /Users/ritiksoni/Capstone_Guru99/Guru99BankFramework/testng.xml

2026-06-06 02:53:45 INFO  io.github.bonigarcia.wdm.WebDriverManager - Using chromedriver 148.0.7778.178 (resolved driver for Chrome 148)
2026-06-06 02:53:45 INFO  io.github.bonigarcia.wdm.WebDriverManager - Exporting webdriver.chrome.driver as /Users/ritiksoni/.cache/selenium/chromedriver/mac64/148.0.7778.178/chromedriver
2026-06-06 02:54:24 INFO  io.github.bonigarcia.wdm.WebDriverManager - Using chromedriver 148.0.7778.178 (resolved driver for Chrome 148)
2026-06-06 02:54:24 INFO  io.github.bonigarcia.wdm.WebDriverManager - Exporting webdriver.chrome.driver as /Users/ritiksoni/.cache/selenium/chromedriver/mac64/148.0.7778.178/chromedriver
2026-06-06 02:55:12 INFO  org.testng.internal.Utils - [Utils] MethodGroupsHelper.collectMethodsByGroup() took 0 ms.
2026-06-06 02:55:12 INFO  org.testng.internal.Utils - [Utils] MethodGroupsHelper.sortMethods() took 1 ms.
2026-06-06 02:55:12 INFO  org.testng.internal.Utils - [Utils] MethodGroupsHelper.collectMethodsByGroup() took 0 ms.
2026-06-06 02:55:12 INFO  org.testng.internal.Utils - [Utils] MethodGroupsHelper.sortMethods() took 0 ms.
2026-06-06 02:55:12 INFO  org.testng.internal.Utils - [Utils] MethodGroupsHelper.collectMethodsByGroup() took 0 ms.
2026-06-06 02:55:12 INFO  org.testng.internal.Utils - [Utils] MethodGroupsHelper.sortMethods() took 0 ms.
2026-06-06 02:55:12 INFO  org.testng.internal.Utils - [Utils] MethodGroupsHelper.collectMethodsByGroup() took 0 ms.
2026-06-06 02:55:12 INFO  org.testng.internal.Utils - [Utils] MethodGroupsHelper.sortMethods() took 0 ms.
2026-06-06 02:55:12 INFO  org.testng.internal.Utils - [Utils] MethodGroupsHelper.collectMethodsByGroup() took 7 ms.
2026-06-06 02:55:12 INFO  org.testng.internal.Utils - [Utils] MethodGroupsHelper.sortMethods() took 48 ms.
2026-06-06 02:55:12 INFO  org.testng.internal.Utils - [Utils] MethodGroupsHelper.collectMethodsByGroup() took 2 ms.
2026-06-06 02:55:12 INFO  org.testng.internal.Utils - [Utils] MethodGroupsHelper.sortMethods() took 4 ms.
2026-06-06 02:55:12 INFO  org.testng.internal.Utils - [Utils] MethodGroupsHelper.collectMethodsByGroup() took 0 ms.
2026-06-06 02:55:12 INFO  org.testng.internal.Utils - [Utils] MethodGroupsHelper.sortMethods() took 0 ms.
2026-06-06 02:55:12 INFO  org.testng.internal.Utils - [Utils] MethodGroupsHelper.collectMethodsByGroup() took 0 ms.
2026-06-06 02:55:12 INFO  org.testng.internal.Utils - [Utils] MethodGroupsHelper.sortMethods() took 0 ms.
2026-06-06 02:55:12 INFO  org.testng.internal.Utils - [Utils] MethodGroupsHelper.collectMethodsByGroup() took 0 ms.
2026-06-06 02:55:12 INFO  org.testng.internal.Utils - [Utils] MethodGroupsHelper.sortMethods() took 0 ms.
2026-06-06 02:55:12 INFO  org.testng.internal.Utils - [Utils] MethodGroupsHelper.collectMethodsByGroup() took 0 ms.
2026-06-06 02:55:12 INFO  org.testng.internal.Utils - [Utils] MethodGroupsHelper.sortMethods() took 0 ms.
2026-06-06 02:55:12 INFO  org.testng.internal.Utils - [Utils] MethodGroupsHelper.collectMethodsByGroup() took 0 ms.
2026-06-06 02:55:12 INFO  org.testng.internal.Utils - [Utils] MethodGroupsHelper.sortMethods() took 0 ms.
2026-06-06 02:55:12 INFO  org.testng.internal.Utils - [Utils] MethodGroupsHelper.collectMethodsByGroup() took 0 ms.
2026-06-06 02:55:12 INFO  org.testng.internal.Utils - [Utils] MethodGroupsHelper.sortMethods() took 0 ms.
2026-06-06 02:55:12 INFO  org.testng.internal.Utils - [Utils] MethodGroupsHelper.collectMethodsByGroup() took 4 ms.
2026-06-06 02:55:12 INFO  org.testng.internal.Utils - [Utils] MethodGroupsHelper.sortMethods() took 0 ms.
2026-06-06 02:55:12 INFO  org.testng.internal.Utils - [Utils] MethodGroupsHelper.collectMethodsByGroup() took 0 ms.
2026-06-06 02:55:12 INFO  org.testng.internal.Utils - [Utils] MethodGroupsHelper.sortMethods() took 0 ms.
2026-06-06 02:55:12 INFO  org.testng.internal.Utils - [Utils] MethodGroupsHelper.collectMethodsByGroup() took 0 ms.
2026-06-06 02:55:12 INFO  org.testng.internal.Utils - [Utils] MethodGroupsHelper.sortMethods() took 0 ms.
2026-06-06 02:55:12 INFO  org.testng.internal.Utils - [TestNG] Running:
  /private/var/folders/1m/l_rj06c54fsbr6kjbknyg9700000gn/T/testng-eclipse--1033938272/testng-customsuite.xml

2026-06-06 02:55:12 INFO  org.testng.internal.Utils - [Utils] DynamicGraphHelper.createDynamicGraph() took 5 ms.
2026-06-06 02:55:13 INFO  io.github.bonigarcia.wdm.WebDriverManager - Using chromedriver 148.0.7778.178 (resolved driver for Chrome 148)
2026-06-06 02:55:13 INFO  io.github.bonigarcia.wdm.WebDriverManager - Exporting webdriver.chrome.driver as /Users/ritiksoni/.cache/selenium/chromedriver/mac64/148.0.7778.178/chromedriver
2026-06-06 02:57:01 INFO  org.testng.internal.Utils - [TestNG] Time taken by org.testng.reporters.jq.Main@33de7f3d: 97 ms
2026-06-06 02:57:01 INFO  org.testng.internal.Utils - [TestNG] Time taken by org.testng.reporters.FailedReporter@50f4b83d: 2 ms
2026-06-06 02:57:01 INFO  org.testng.internal.Utils - [TestNG] Time taken by org.testng.reporters.XMLReporter@30036a18: 12 ms
2026-06-06 02:57:01 INFO  org.testng.internal.Utils - [TestNG] Time taken by org.testng.reporters.EmailableReporter2@4628a02b: 10 ms
2026-06-06 02:57:01 INFO  org.testng.internal.Utils - [TestNG] Time taken by org.testng.reporters.JUnitReportReporter@5203c80f: 22 ms
2026-06-06 02:57:01 INFO  org.testng.internal.Utils - [TestNG] Time taken by org.testng.internal.ExitCodeListener@439f2d87: 0 ms
2026-06-06 03:12:50 INFO  org.testng.internal.Utils - [TestNG] Running:
  /Users/ritiksoni/Capstone_Guru99/Guru99BankFramework/testng.xml

2026-06-06 03:12:53 INFO  io.github.bonigarcia.wdm.WebDriverManager - Using chromedriver 148.0.7778.178 (resolved driver for Chrome 148)
2026-06-06 03:12:53 INFO  io.github.bonigarcia.wdm.WebDriverManager - Exporting webdriver.chrome.driver as /Users/ritiksoni/.cache/selenium/chromedriver/mac64/148.0.7778.178/chromedriver
2026-06-06 03:13:28 INFO  io.github.bonigarcia.wdm.WebDriverManager - Using chromedriver 148.0.7778.178 (resolved driver for Chrome 148)
2026-06-06 03:13:28 INFO  io.github.bonigarcia.wdm.WebDriverManager - Exporting webdriver.chrome.driver as /Users/ritiksoni/.cache/selenium/chromedriver/mac64/148.0.7778.178/chromedriver
2026-06-06 03:14:09 INFO  io.github.bonigarcia.wdm.WebDriverManager - Using chromedriver 148.0.7778.178 (resolved driver for Chrome 148)
2026-06-06 03:14:09 INFO  io.github.bonigarcia.wdm.WebDriverManager - Exporting webdriver.chrome.driver as /Users/ritiksoni/.cache/selenium/chromedriver/mac64/148.0.7778.178/chromedriver
2026-06-06 03:14:19 INFO  io.github.bonigarcia.wdm.WebDriverManager - Using chromedriver 148.0.7778.178 (resolved driver for Chrome 148)
2026-06-06 03:14:19 INFO  io.github.bonigarcia.wdm.WebDriverManager - Exporting webdriver.chrome.driver as /Users/ritiksoni/.cache/selenium/chromedriver/mac64/148.0.7778.178/chromedriver
2026-06-06 03:15:36 INFO  io.github.bonigarcia.wdm.WebDriverManager - Using chromedriver 148.0.7778.178 (resolved driver for Chrome 148)
2026-06-06 03:15:36 INFO  io.github.bonigarcia.wdm.WebDriverManager - Exporting webdriver.chrome.driver as /Users/ritiksoni/.cache/selenium/chromedriver/mac64/148.0.7778.178/chromedriver
2026-06-06 03:26:02 INFO  org.testng.internal.Utils - [TestNG] Running:
  /Users/ritiksoni/Capstone_Guru99/Guru99BankFramework/testng.xml

2026-06-06 03:26:03 INFO  io.github.bonigarcia.wdm.WebDriverManager - Using chromedriver 148.0.7778.178 (resolved driver for Chrome 148)
2026-06-06 03:26:03 INFO  io.github.bonigarcia.wdm.WebDriverManager - Exporting webdriver.chrome.driver as /Users/ritiksoni/.cache/selenium/chromedriver/mac64/148.0.7778.178/chromedriver
2026-06-06 03:27:24 INFO  org.testng.internal.Utils - [TestNG] Running:
  /Users/ritiksoni/Capstone_Guru99/Guru99BankFramework/testng.xml

2026-06-06 03:27:25 INFO  io.github.bonigarcia.wdm.WebDriverManager - Using chromedriver 148.0.7778.178 (resolved driver for Chrome 148)
2026-06-06 03:27:25 INFO  io.github.bonigarcia.wdm.WebDriverManager - Exporting webdriver.chrome.driver as /Users/ritiksoni/.cache/selenium/chromedriver/mac64/148.0.7778.178/chromedriver
2026-06-06 03:28:03 INFO  io.github.bonigarcia.wdm.WebDriverManager - Using chromedriver 148.0.7778.178 (resolved driver for Chrome 148)
2026-06-06 03:28:03 INFO  io.github.bonigarcia.wdm.WebDriverManager - Exporting webdriver.chrome.driver as /Users/ritiksoni/.cache/selenium/chromedriver/mac64/148.0.7778.178/chromedriver
2026-06-06 03:28:13 INFO  io.github.bonigarcia.wdm.WebDriverManager - Using chromedriver 148.0.7778.178 (resolved driver for Chrome 148)
2026-06-06 03:28:13 INFO  io.github.bonigarcia.wdm.WebDriverManager - Exporting webdriver.chrome.driver as /Users/ritiksoni/.cache/selenium/chromedriver/mac64/148.0.7778.178/chromedriver
2026-06-06 03:29:52 INFO  org.testng.internal.Utils - [TestNG] Running:
  /Users/ritiksoni/Capstone_Guru99/Guru99BankFramework/testng.xml

2026-06-06 03:29:52 INFO  io.github.bonigarcia.wdm.WebDriverManager - Using chromedriver 148.0.7778.178 (resolved driver for Chrome 148)
2026-06-06 03:29:53 INFO  io.github.bonigarcia.wdm.WebDriverManager - Exporting webdriver.chrome.driver as /Users/ritiksoni/.cache/selenium/chromedriver/mac64/148.0.7778.178/chromedriver
2026-06-06 03:30:32 INFO  io.github.bonigarcia.wdm.WebDriverManager - Using chromedriver 148.0.7778.178 (resolved driver for Chrome 148)
2026-06-06 03:30:32 INFO  io.github.bonigarcia.wdm.WebDriverManager - Exporting webdriver.chrome.driver as /Users/ritiksoni/.cache/selenium/chromedriver/mac64/148.0.7778.178/chromedriver
2026-06-06 03:31:11 INFO  io.github.bonigarcia.wdm.WebDriverManager - Using chromedriver 148.0.7778.178 (resolved driver for Chrome 148)
2026-06-06 03:31:11 INFO  io.github.bonigarcia.wdm.WebDriverManager - Exporting webdriver.chrome.driver as /Users/ritiksoni/.cache/selenium/chromedriver/mac64/148.0.7778.178/chromedriver
2026-06-06 03:31:50 INFO  io.github.bonigarcia.wdm.WebDriverManager - Using chromedriver 148.0.7778.178 (resolved driver for Chrome 148)
2026-06-06 03:31:50 INFO  io.github.bonigarcia.wdm.WebDriverManager - Exporting webdriver.chrome.driver as /Users/ritiksoni/.cache/selenium/chromedriver/mac64/148.0.7778.178/chromedriver
2026-06-06 03:32:33 INFO  org.testng.internal.Utils - [TestNG] Running:
  /Users/ritiksoni/Capstone_Guru99/Guru99BankFramework/testng.xml

2026-06-06 03:32:34 INFO  io.github.bonigarcia.wdm.WebDriverManager - Using chromedriver 148.0.7778.178 (resolved driver for Chrome 148)
2026-06-06 03:32:34 INFO  io.github.bonigarcia.wdm.WebDriverManager - Exporting webdriver.chrome.driver as /Users/ritiksoni/.cache/selenium/chromedriver/mac64/148.0.7778.178/chromedriver
2026-06-06 03:33:27 INFO  io.github.bonigarcia.wdm.WebDriverManager - Using chromedriver 148.0.7778.178 (resolved driver for Chrome 148)
2026-06-06 03:33:27 INFO  io.github.bonigarcia.wdm.WebDriverManager - Exporting webdriver.chrome.driver as /Users/ritiksoni/.cache/selenium/chromedriver/mac64/148.0.7778.178/chromedriver
2026-06-06 03:33:29 INFO  io.github.bonigarcia.wdm.WebDriverManager - Using chromedriver 148.0.7778.178 (resolved driver for Chrome 148)
2026-06-06 03:33:29 INFO  io.github.bonigarcia.wdm.WebDriverManager - Exporting webdriver.chrome.driver as /Users/ritiksoni/.cache/selenium/chromedriver/mac64/148.0.7778.178/chromedriver
2026-06-06 03:34:21 INFO  io.github.bonigarcia.wdm.WebDriverManager - Using chromedriver 148.0.7778.178 (resolved driver for Chrome 148)
2026-06-06 03:34:21 INFO  io.github.bonigarcia.wdm.WebDriverManager - Exporting webdriver.chrome.driver as /Users/ritiksoni/.cache/selenium/chromedriver/mac64/148.0.7778.178/chromedriver
2026-06-06 03:35:22 INFO  io.github.bonigarcia.wdm.WebDriverManager - Using chromedriver 148.0.7778.178 (resolved driver for Chrome 148)
2026-06-06 03:35:22 INFO  io.github.bonigarcia.wdm.WebDriverManager - Exporting webdriver.chrome.driver as /Users/ritiksoni/.cache/selenium/chromedriver/mac64/148.0.7778.178/chromedriver
2026-06-06 03:36:46 INFO  io.github.bonigarcia.wdm.WebDriverManager - Using chromedriver 148.0.7778.178 (resolved driver for Chrome 148)
2026-06-06 03:36:46 INFO  io.github.bonigarcia.wdm.WebDriverManager - Exporting webdriver.chrome.driver as /Users/ritiksoni/.cache/selenium/chromedriver/mac64/148.0.7778.178/chromedriver
2026-06-06 03:48:33 INFO  org.testng.internal.Utils - [Utils] MethodGroupsHelper.collectMethodsByGroup() took 0 ms.
2026-06-06 03:48:33 INFO  org.testng.internal.Utils - [Utils] MethodGroupsHelper.sortMethods() took 1 ms.
2026-06-06 03:48:33 INFO  org.testng.internal.Utils - [Utils] MethodGroupsHelper.collectMethodsByGroup() took 0 ms.
2026-06-06 03:48:33 INFO  org.testng.internal.Utils - [Utils] MethodGroupsHelper.sortMethods() took 0 ms.
2026-06-06 03:48:33 INFO  org.testng.internal.Utils - [Utils] MethodGroupsHelper.collectMethodsByGroup() took 0 ms.
2026-06-06 03:48:33 INFO  org.testng.internal.Utils - [Utils] MethodGroupsHelper.sortMethods() took 0 ms.
2026-06-06 03:48:33 INFO  org.testng.internal.Utils - [Utils] MethodGroupsHelper.collectMethodsByGroup() took 0 ms.
2026-06-06 03:48:33 INFO  org.testng.internal.Utils - [Utils] MethodGroupsHelper.sortMethods() took 0 ms.
2026-06-06 03:48:33 INFO  org.testng.internal.Utils - [Utils] MethodGroupsHelper.collectMethodsByGroup() took 5 ms.
2026-06-06 03:48:34 INFO  org.testng.internal.Utils - [Utils] MethodGroupsHelper.sortMethods() took 38 ms.
2026-06-06 03:48:34 INFO  org.testng.internal.Utils - [Utils] MethodGroupsHelper.collectMethodsByGroup() took 0 ms.
2026-06-06 03:48:34 INFO  org.testng.internal.Utils - [Utils] MethodGroupsHelper.sortMethods() took 2 ms.
2026-06-06 03:48:34 INFO  org.testng.internal.Utils - [Utils] MethodGroupsHelper.collectMethodsByGroup() took 0 ms.
2026-06-06 03:48:34 INFO  org.testng.internal.Utils - [Utils] MethodGroupsHelper.sortMethods() took 0 ms.
2026-06-06 03:48:34 INFO  org.testng.internal.Utils - [Utils] MethodGroupsHelper.collectMethodsByGroup() took 0 ms.
2026-06-06 03:48:34 INFO  org.testng.internal.Utils - [Utils] MethodGroupsHelper.sortMethods() took 0 ms.
2026-06-06 03:48:34 INFO  org.testng.internal.Utils - [Utils] MethodGroupsHelper.collectMethodsByGroup() took 0 ms.
2026-06-06 03:48:34 INFO  org.testng.internal.Utils - [Utils] MethodGroupsHelper.sortMethods() took 0 ms.
2026-06-06 03:48:34 INFO  org.testng.internal.Utils - [Utils] MethodGroupsHelper.collectMethodsByGroup() took 0 ms.
2026-06-06 03:48:34 INFO  org.testng.internal.Utils - [Utils] MethodGroupsHelper.sortMethods() took 0 ms.
2026-06-06 03:48:34 INFO  org.testng.internal.Utils - [Utils] MethodGroupsHelper.collectMethodsByGroup() took 0 ms.
2026-06-06 03:48:34 INFO  org.testng.internal.Utils - [Utils] MethodGroupsHelper.sortMethods() took 0 ms.
2026-06-06 03:48:34 INFO  org.testng.internal.Utils - [Utils] MethodGroupsHelper.collectMethodsByGroup() took 0 ms.
2026-06-06 03:48:34 INFO  org.testng.internal.Utils - [Utils] MethodGroupsHelper.sortMethods() took 0 ms.
2026-06-06 03:48:34 INFO  org.testng.internal.Utils - [Utils] MethodGroupsHelper.collectMethodsByGroup() took 2 ms.
2026-06-06 03:48:34 INFO  org.testng.internal.Utils - [Utils] MethodGroupsHelper.sortMethods() took 0 ms.
2026-06-06 03:48:34 INFO  org.testng.internal.Utils - [Utils] MethodGroupsHelper.collectMethodsByGroup() took 0 ms.
2026-06-06 03:48:34 INFO  org.testng.internal.Utils - [Utils] MethodGroupsHelper.sortMethods() took 0 ms.
2026-06-06 03:48:34 INFO  org.testng.internal.Utils - [Utils] MethodGroupsHelper.collectMethodsByGroup() took 0 ms.
2026-06-06 03:48:34 INFO  org.testng.internal.Utils - [Utils] MethodGroupsHelper.sortMethods() took 0 ms.
2026-06-06 03:48:34 INFO  org.testng.internal.Utils - [TestNG] Running:
  /private/var/folders/1m/l_rj06c54fsbr6kjbknyg9700000gn/T/testng-eclipse--1914449548/testng-customsuite.xml

2026-06-06 03:48:34 INFO  org.testng.internal.Utils - [Utils] DynamicGraphHelper.createDynamicGraph() took 4 ms.
2026-06-06 03:48:35 INFO  org.testng.internal.Utils - [TestNG] Time taken by org.testng.reporters.jq.Main@18ac53e8: 61 ms
2026-06-06 03:48:35 INFO  org.testng.internal.Utils - [TestNG] Time taken by org.testng.reporters.FailedReporter@36361ddb: 15 ms
2026-06-06 03:48:35 INFO  org.testng.internal.Utils - [TestNG] Time taken by org.testng.reporters.XMLReporter@39008c9f: 21 ms
2026-06-06 03:48:35 INFO  org.testng.internal.Utils - [TestNG] Time taken by org.testng.reporters.EmailableReporter2@7fb33394: 12 ms
2026-06-06 03:48:35 INFO  org.testng.internal.Utils - [TestNG] Time taken by org.testng.reporters.JUnitReportReporter@5ff90645: 12 ms
2026-06-06 03:48:35 INFO  org.testng.internal.Utils - [TestNG] Time taken by org.testng.internal.ExitCodeListener@387bf2d9: 0 ms
2026-06-06 03:50:21 INFO  org.testng.internal.Utils - [TestNG] Running:
  /Users/ritiksoni/Capstone_Guru99/Guru99BankFramework/testng.xml

2026-06-06 03:50:21 INFO  io.github.bonigarcia.wdm.WebDriverManager - Using chromedriver 148.0.7778.178 (resolved driver for Chrome 148)
2026-06-06 03:50:21 INFO  io.github.bonigarcia.wdm.WebDriverManager - Exporting webdriver.chrome.driver as /Users/ritiksoni/.cache/selenium/chromedriver/mac64/148.0.7778.178/chromedriver
2026-06-06 03:56:48 INFO  org.testng.internal.Utils - [TestNG] Running:
  /Users/ritiksoni/Capstone_Guru99/Guru99BankFramework/testng.xml

2026-06-06 03:56:49 INFO  io.github.bonigarcia.wdm.WebDriverManager - Using chromedriver 148.0.7778.178 (resolved driver for Chrome 148)
2026-06-06 03:56:49 INFO  io.github.bonigarcia.wdm.WebDriverManager - Exporting webdriver.chrome.driver as /Users/ritiksoni/.cache/selenium/chromedriver/mac64/148.0.7778.178/chromedriver
2026-06-06 04:04:17 INFO  org.testng.internal.Utils - [TestNG] Running:
  /Users/ritiksoni/Capstone_Guru99/Guru99BankFramework/testng.xml

2026-06-06 04:04:18 INFO  io.github.bonigarcia.wdm.WebDriverManager - Using chromedriver 148.0.7778.178 (resolved driver for Chrome 148)
2026-06-06 04:04:18 INFO  io.github.bonigarcia.wdm.WebDriverManager - Exporting webdriver.chrome.driver as /Users/ritiksoni/.cache/selenium/chromedriver/mac64/148.0.7778.178/chromedriver
2026-06-06 04:08:10 INFO  org.testng.internal.Utils - [TestNG] Running:
  /Users/ritiksoni/Capstone_Guru99/Guru99BankFramework/testng.xml

2026-06-06 04:08:11 INFO  io.github.bonigarcia.wdm.WebDriverManager - Using chromedriver 148.0.7778.178 (resolved driver for Chrome 148)
2026-06-06 04:08:11 INFO  io.github.bonigarcia.wdm.WebDriverManager - Exporting webdriver.chrome.driver as /Users/ritiksoni/.cache/selenium/chromedriver/mac64/148.0.7778.178/chromedriver
2026-06-06 04:08:50 INFO  io.github.bonigarcia.wdm.WebDriverManager - Using chromedriver 148.0.7778.178 (resolved driver for Chrome 148)
2026-06-06 04:08:50 INFO  io.github.bonigarcia.wdm.WebDriverManager - Exporting webdriver.chrome.driver as /Users/ritiksoni/.cache/selenium/chromedriver/mac64/148.0.7778.178/chromedriver
2026-06-06 04:09:31 INFO  io.github.bonigarcia.wdm.WebDriverManager - Using chromedriver 148.0.7778.178 (resolved driver for Chrome 148)
2026-06-06 04:09:31 INFO  io.github.bonigarcia.wdm.WebDriverManager - Exporting webdriver.chrome.driver as /Users/ritiksoni/.cache/selenium/chromedriver/mac64/148.0.7778.178/chromedriver
2026-06-06 04:10:20 INFO  io.github.bonigarcia.wdm.WebDriverManager - Using chromedriver 148.0.7778.178 (resolved driver for Chrome 148)
2026-06-06 04:10:20 INFO  io.github.bonigarcia.wdm.WebDriverManager - Exporting webdriver.chrome.driver as /Users/ritiksoni/.cache/selenium/chromedriver/mac64/148.0.7778.178/chromedriver
2026-06-06 04:11:38 INFO  io.github.bonigarcia.wdm.WebDriverManager - Using chromedriver 148.0.7778.178 (resolved driver for Chrome 148)
2026-06-06 04:11:38 INFO  io.github.bonigarcia.wdm.WebDriverManager - Exporting webdriver.chrome.driver as /Users/ritiksoni/.cache/selenium/chromedriver/mac64/148.0.7778.178/chromedriver
2026-06-11 07:17:25 INFO  org.testng.internal.Utils - [TestNG] Running:
  /Users/ritiksoni/Capstone_Guru99/Guru99BankFramework/testng.xml

2026-06-11 07:18:36 INFO  io.github.bonigarcia.wdm.WebDriverManager - Using chromedriver 149.0.7827.55 (resolved driver for Chrome 149)
2026-06-11 07:18:37 INFO  io.github.bonigarcia.wdm.online.Downloader - Downloading https://storage.googleapis.com/chrome-for-testing-public/149.0.7827.55/mac-x64/chromedriver-mac-x64.zip
2026-06-11 07:18:39 INFO  io.github.bonigarcia.wdm.online.Downloader - Extracting driver from compressed file chromedriver-mac-x64.zip
2026-06-11 07:18:39 INFO  io.github.bonigarcia.wdm.WebDriverManager - Exporting webdriver.chrome.driver as /Users/ritiksoni/.cache/selenium/chromedriver/mac64/149.0.7827.55/chromedriver
2026-06-11 07:19:22 INFO  io.github.bonigarcia.wdm.WebDriverManager - Using chromedriver 149.0.7827.55 (resolved driver for Chrome 149)
2026-06-11 07:19:22 INFO  io.github.bonigarcia.wdm.WebDriverManager - Exporting webdriver.chrome.driver as /Users/ritiksoni/.cache/selenium/chromedriver/mac64/149.0.7827.55/chromedriver
2026-06-11 07:20:05 INFO  io.github.bonigarcia.wdm.WebDriverManager - Using chromedriver 149.0.7827.55 (resolved driver for Chrome 149)
2026-06-11 07:20:05 INFO  io.github.bonigarcia.wdm.WebDriverManager - Exporting webdriver.chrome.driver as /Users/ritiksoni/.cache/selenium/chromedriver/mac64/149.0.7827.55/chromedriver
2026-06-11 07:20:47 INFO  io.github.bonigarcia.wdm.WebDriverManager - Using chromedriver 149.0.7827.55 (resolved driver for Chrome 149)
2026-06-11 07:20:47 INFO  io.github.bonigarcia.wdm.WebDriverManager - Exporting webdriver.chrome.driver as /Users/ritiksoni/.cache/selenium/chromedriver/mac64/149.0.7827.55/chromedriver
2026-06-11 07:21:57 INFO  io.github.bonigarcia.wdm.WebDriverManager - Using chromedriver 149.0.7827.55 (resolved driver for Chrome 149)
2026-06-11 07:21:57 INFO  io.github.bonigarcia.wdm.WebDriverManager - Exporting webdriver.chrome.driver as /Users/ritiksoni/.cache/selenium/chromedriver/mac64/149.0.7827.55/chromedriver
2026-06-11 07:32:41 INFO  org.testng.internal.Utils - [TestNG] Running:
  /Users/ritiksoni/Capstone_Guru99/Guru99BankFramework/testng.xml

2026-06-11 07:32:42 INFO  io.github.bonigarcia.wdm.WebDriverManager - Using chromedriver 149.0.7827.55 (resolved driver for Chrome 149)
2026-06-11 07:32:42 INFO  io.github.bonigarcia.wdm.WebDriverManager - Exporting webdriver.chrome.driver as /Users/ritiksoni/.cache/selenium/chromedriver/mac64/149.0.7827.55/chromedriver
2026-06-11 07:33:33 INFO  io.github.bonigarcia.wdm.WebDriverManager - Using chromedriver 149.0.7827.55 (resolved driver for Chrome 149)
2026-06-11 07:33:33 INFO  io.github.bonigarcia.wdm.WebDriverManager - Exporting webdriver.chrome.driver as /Users/ritiksoni/.cache/selenium/chromedriver/mac64/149.0.7827.55/chromedriver
2026-06-11 07:34:16 INFO  io.github.bonigarcia.wdm.WebDriverManager - Using chromedriver 149.0.7827.55 (resolved driver for Chrome 149)
2026-06-11 07:34:16 INFO  io.github.bonigarcia.wdm.WebDriverManager - Exporting webdriver.chrome.driver as /Users/ritiksoni/.cache/selenium/chromedriver/mac64/149.0.7827.55/chromedriver
2026-06-11 07:35:10 INFO  io.github.bonigarcia.wdm.WebDriverManager - Using chromedriver 149.0.7827.55 (resolved driver for Chrome 149)
2026-06-11 07:35:10 INFO  io.github.bonigarcia.wdm.WebDriverManager - Exporting webdriver.chrome.driver as /Users/ritiksoni/.cache/selenium/chromedriver/mac64/149.0.7827.55/chromedriver
2026-06-11 07:36:35 INFO  io.github.bonigarcia.wdm.WebDriverManager - Using chromedriver 149.0.7827.55 (resolved driver for Chrome 149)
2026-06-11 07:36:35 INFO  io.github.bonigarcia.wdm.WebDriverManager - Exporting webdriver.chrome.driver as /Users/ritiksoni/.cache/selenium/chromedriver/mac64/149.0.7827.55/chromedriver
2026-06-11 07:42:58 INFO  org.testng.internal.Utils - [TestNG] Running:
  /Users/ritiksoni/Capstone_Guru99/Guru99BankFramework/testng.xml

2026-06-11 07:42:59 INFO  io.github.bonigarcia.wdm.WebDriverManager - Using chromedriver 149.0.7827.55 (resolved driver for Chrome 149)
2026-06-11 07:42:59 INFO  io.github.bonigarcia.wdm.WebDriverManager - Exporting webdriver.chrome.driver as /Users/ritiksoni/.cache/selenium/chromedriver/mac64/149.0.7827.55/chromedriver
2026-06-11 07:44:02 INFO  io.github.bonigarcia.wdm.WebDriverManager - Using chromedriver 149.0.7827.55 (resolved driver for Chrome 149)
2026-06-11 07:44:02 INFO  io.github.bonigarcia.wdm.WebDriverManager - Exporting webdriver.chrome.driver as /Users/ritiksoni/.cache/selenium/chromedriver/mac64/149.0.7827.55/chromedriver
2026-06-11 07:44:49 INFO  io.github.bonigarcia.wdm.WebDriverManager - Using chromedriver 149.0.7827.55 (resolved driver for Chrome 149)
2026-06-11 07:44:49 INFO  io.github.bonigarcia.wdm.WebDriverManager - Exporting webdriver.chrome.driver as /Users/ritiksoni/.cache/selenium/chromedriver/mac64/149.0.7827.55/chromedriver
2026-06-11 07:45:31 INFO  io.github.bonigarcia.wdm.WebDriverManager - Using chromedriver 149.0.7827.55 (resolved driver for Chrome 149)
2026-06-11 07:45:31 INFO  io.github.bonigarcia.wdm.WebDriverManager - Exporting webdriver.chrome.driver as /Users/ritiksoni/.cache/selenium/chromedriver/mac64/149.0.7827.55/chromedriver
2026-06-11 07:46:44 INFO  io.github.bonigarcia.wdm.WebDriverManager - Using chromedriver 149.0.7827.55 (resolved driver for Chrome 149)
2026-06-11 07:46:44 INFO  io.github.bonigarcia.wdm.WebDriverManager - Exporting webdriver.chrome.driver as /Users/ritiksoni/.cache/selenium/chromedriver/mac64/149.0.7827.55/chromedriver
2026-06-11 07:51:34 INFO  org.testng.internal.Utils - [TestNG] Running:
  /Users/ritiksoni/Capstone_Guru99/Guru99BankFramework/testng.xml

2026-06-11 07:51:35 INFO  io.github.bonigarcia.wdm.WebDriverManager - Using chromedriver 149.0.7827.55 (resolved driver for Chrome 149)
2026-06-11 07:51:35 INFO  io.github.bonigarcia.wdm.WebDriverManager - Exporting webdriver.chrome.driver as /Users/ritiksoni/.cache/selenium/chromedriver/mac64/149.0.7827.55/chromedriver
2026-06-11 07:52:00 INFO  io.github.bonigarcia.wdm.WebDriverManager - Using chromedriver 149.0.7827.55 (resolved driver for Chrome 149)
2026-06-11 07:52:00 INFO  io.github.bonigarcia.wdm.WebDriverManager - Exporting webdriver.chrome.driver as /Users/ritiksoni/.cache/selenium/chromedriver/mac64/149.0.7827.55/chromedriver
2026-06-11 07:52:13 INFO  io.github.bonigarcia.wdm.WebDriverManager - Using chromedriver 149.0.7827.55 (resolved driver for Chrome 149)
2026-06-11 07:52:13 INFO  io.github.bonigarcia.wdm.WebDriverManager - Exporting webdriver.chrome.driver as /Users/ritiksoni/.cache/selenium/chromedriver/mac64/149.0.7827.55/chromedriver
2026-06-11 07:52:34 INFO  org.testng.internal.Utils - [TestNG] Running:
  /Users/ritiksoni/Capstone_Guru99/Guru99BankFramework/testng.xml

2026-06-11 07:52:35 INFO  io.github.bonigarcia.wdm.WebDriverManager - Using chromedriver 149.0.7827.55 (resolved driver for Chrome 149)
2026-06-11 07:52:35 INFO  io.github.bonigarcia.wdm.WebDriverManager - Exporting webdriver.chrome.driver as /Users/ritiksoni/.cache/selenium/chromedriver/mac64/149.0.7827.55/chromedriver
2026-06-11 07:52:49 INFO  io.github.bonigarcia.wdm.WebDriverManager - Using chromedriver 149.0.7827.55 (resolved driver for Chrome 149)
2026-06-11 07:52:49 INFO  io.github.bonigarcia.wdm.WebDriverManager - Exporting webdriver.chrome.driver as /Users/ritiksoni/.cache/selenium/chromedriver/mac64/149.0.7827.55/chromedriver
2026-06-11 07:53:03 INFO  io.github.bonigarcia.wdm.WebDriverManager - Using chromedriver 149.0.7827.55 (resolved driver for Chrome 149)
2026-06-11 07:53:03 INFO  io.github.bonigarcia.wdm.WebDriverManager - Exporting webdriver.chrome.driver as /Users/ritiksoni/.cache/selenium/chromedriver/mac64/149.0.7827.55/chromedriver
2026-06-11 07:53:16 INFO  io.github.bonigarcia.wdm.WebDriverManager - Using chromedriver 149.0.7827.55 (resolved driver for Chrome 149)
2026-06-11 07:53:16 INFO  io.github.bonigarcia.wdm.WebDriverManager - Exporting webdriver.chrome.driver as /Users/ritiksoni/.cache/selenium/chromedriver/mac64/149.0.7827.55/chromedriver
2026-06-11 08:03:21 INFO  io.github.bonigarcia.wdm.WebDriverManager - Using chromedriver 149.0.7827.55 (resolved driver for Chrome 149)
2026-06-11 08:03:21 INFO  io.github.bonigarcia.wdm.WebDriverManager - Exporting webdriver.chrome.driver as /Users/ritiksoni/.cache/selenium/chromedriver/mac64/149.0.7827.55/chromedriver
2026-06-11 09:18:02 INFO  org.testng.internal.Utils - [TestNG] Running:
  /Users/ritiksoni/Capstone_Guru99/Guru99BankFramework/testng.xml

2026-06-11 09:18:12 INFO  io.github.bonigarcia.wdm.WebDriverManager - Using chromedriver 149.0.7827.55 (resolved driver for Chrome 149)
2026-06-11 09:18:12 INFO  io.github.bonigarcia.wdm.WebDriverManager - Exporting webdriver.chrome.driver as /Users/ritiksoni/.cache/selenium/chromedriver/mac64/149.0.7827.55/chromedriver
2026-06-11 09:19:04 INFO  io.github.bonigarcia.wdm.WebDriverManager - Using chromedriver 149.0.7827.55 (resolved driver for Chrome 149)
2026-06-11 09:19:04 INFO  io.github.bonigarcia.wdm.WebDriverManager - Exporting webdriver.chrome.driver as /Users/ritiksoni/.cache/selenium/chromedriver/mac64/149.0.7827.55/chromedriver
2026-06-11 09:19:50 INFO  io.github.bonigarcia.wdm.WebDriverManager - Using chromedriver 149.0.7827.55 (resolved driver for Chrome 149)
2026-06-11 09:19:50 INFO  io.github.bonigarcia.wdm.WebDriverManager - Exporting webdriver.chrome.driver as /Users/ritiksoni/.cache/selenium/chromedriver/mac64/149.0.7827.55/chromedriver
2026-06-11 09:20:47 INFO  io.github.bonigarcia.wdm.WebDriverManager - Using chromedriver 149.0.7827.55 (resolved driver for Chrome 149)
2026-06-11 09:20:47 INFO  io.github.bonigarcia.wdm.WebDriverManager - Exporting webdriver.chrome.driver as /Users/ritiksoni/.cache/selenium/chromedriver/mac64/149.0.7827.55/chromedriver
2026-06-11 09:22:16 INFO  io.github.bonigarcia.wdm.WebDriverManager - Using chromedriver 149.0.7827.55 (resolved driver for Chrome 149)
2026-06-11 09:22:16 INFO  io.github.bonigarcia.wdm.WebDriverManager - Exporting webdriver.chrome.driver as /Users/ritiksoni/.cache/selenium/chromedriver/mac64/149.0.7827.55/chromedriver
2026-06-13 07:42:07 INFO  org.testng.internal.Utils - [Utils] MethodGroupsHelper.collectMethodsByGroup() took 0 ms.
2026-06-13 07:42:07 INFO  org.testng.internal.Utils - [Utils] MethodGroupsHelper.sortMethods() took 1 ms.
2026-06-13 07:42:07 INFO  org.testng.internal.Utils - [Utils] MethodGroupsHelper.collectMethodsByGroup() took 0 ms.
2026-06-13 07:42:07 INFO  org.testng.internal.Utils - [Utils] MethodGroupsHelper.sortMethods() took 0 ms.
2026-06-13 07:42:07 INFO  org.testng.internal.Utils - [Utils] MethodGroupsHelper.collectMethodsByGroup() took 0 ms.
2026-06-13 07:42:07 INFO  org.testng.internal.Utils - [Utils] MethodGroupsHelper.sortMethods() took 0 ms.
2026-06-13 07:42:07 INFO  org.testng.internal.Utils - [Utils] MethodGroupsHelper.collectMethodsByGroup() took 0 ms.
2026-06-13 07:42:07 INFO  org.testng.internal.Utils - [Utils] MethodGroupsHelper.sortMethods() took 0 ms.
2026-06-13 07:42:07 INFO  org.testng.internal.Utils - [Utils] MethodGroupsHelper.collectMethodsByGroup() took 8 ms.
2026-06-13 07:42:07 INFO  org.testng.internal.Utils - [Utils] MethodGroupsHelper.sortMethods() took 40 ms.
2026-06-13 07:42:07 INFO  org.testng.internal.Utils - [Utils] MethodGroupsHelper.collectMethodsByGroup() took 0 ms.
2026-06-13 07:42:07 INFO  org.testng.internal.Utils - [Utils] MethodGroupsHelper.sortMethods() took 11 ms.
2026-06-13 07:42:07 INFO  org.testng.internal.Utils - [Utils] MethodGroupsHelper.collectMethodsByGroup() took 0 ms.
2026-06-13 07:42:07 INFO  org.testng.internal.Utils - [Utils] MethodGroupsHelper.sortMethods() took 0 ms.
2026-06-13 07:42:07 INFO  org.testng.internal.Utils - [Utils] MethodGroupsHelper.collectMethodsByGroup() took 0 ms.
2026-06-13 07:42:07 INFO  org.testng.internal.Utils - [Utils] MethodGroupsHelper.sortMethods() took 0 ms.
2026-06-13 07:42:07 INFO  org.testng.internal.Utils - [Utils] MethodGroupsHelper.collectMethodsByGroup() took 0 ms.
2026-06-13 07:42:07 INFO  org.testng.internal.Utils - [Utils] MethodGroupsHelper.sortMethods() took 0 ms.
2026-06-13 07:42:07 INFO  org.testng.internal.Utils - [Utils] MethodGroupsHelper.collectMethodsByGroup() took 0 ms.
2026-06-13 07:42:07 INFO  org.testng.internal.Utils - [Utils] MethodGroupsHelper.sortMethods() took 0 ms.
2026-06-13 07:42:07 INFO  org.testng.internal.Utils - [Utils] MethodGroupsHelper.collectMethodsByGroup() took 0 ms.
2026-06-13 07:42:07 INFO  org.testng.internal.Utils - [Utils] MethodGroupsHelper.sortMethods() took 0 ms.
2026-06-13 07:42:07 INFO  org.testng.internal.Utils - [Utils] MethodGroupsHelper.collectMethodsByGroup() took 0 ms.
2026-06-13 07:42:07 INFO  org.testng.internal.Utils - [Utils] MethodGroupsHelper.sortMethods() took 0 ms.
2026-06-13 07:42:07 INFO  org.testng.internal.Utils - [Utils] MethodGroupsHelper.collectMethodsByGroup() took 3 ms.
2026-06-13 07:42:07 INFO  org.testng.internal.Utils - [Utils] MethodGroupsHelper.sortMethods() took 0 ms.
2026-06-13 07:42:07 INFO  org.testng.internal.Utils - [Utils] MethodGroupsHelper.collectMethodsByGroup() took 0 ms.
2026-06-13 07:42:07 INFO  org.testng.internal.Utils - [Utils] MethodGroupsHelper.sortMethods() took 0 ms.
2026-06-13 07:42:07 INFO  org.testng.internal.Utils - [Utils] MethodGroupsHelper.collectMethodsByGroup() took 0 ms.
2026-06-13 07:42:07 INFO  org.testng.internal.Utils - [Utils] MethodGroupsHelper.sortMethods() took 0 ms.
2026-06-13 07:42:07 INFO  org.testng.internal.Utils - [TestNG] Running:
  /private/var/folders/1m/l_rj06c54fsbr6kjbknyg9700000gn/T/testng-eclipse--1654536515/testng-customsuite.xml

2026-06-13 07:42:07 INFO  org.testng.internal.Utils - [Utils] DynamicGraphHelper.createDynamicGraph() took 5 ms.
2026-06-13 07:42:09 INFO  org.testng.internal.Utils - [TestNG] Time taken by org.testng.reporters.jq.Main@4a7a965d: 67 ms
2026-06-13 07:42:09 INFO  org.testng.internal.Utils - [TestNG] Time taken by org.testng.reporters.FailedReporter@5f9b6ae7: 16 ms
2026-06-13 07:42:09 INFO  org.testng.internal.Utils - [TestNG] Time taken by org.testng.reporters.XMLReporter@7275c74b: 17 ms
2026-06-13 07:42:09 INFO  org.testng.internal.Utils - [TestNG] Time taken by org.testng.reporters.EmailableReporter2@71cb3139: 8 ms
2026-06-13 07:42:09 INFO  org.testng.internal.Utils - [TestNG] Time taken by org.testng.reporters.JUnitReportReporter@22590e3e: 5 ms
2026-06-13 07:42:09 INFO  org.testng.internal.Utils - [TestNG] Time taken by org.testng.internal.ExitCodeListener@53dad875: 0 ms
2026-06-13 07:44:10 INFO  org.testng.internal.Utils - [TestNG] Running:
  /Users/ritiksoni/Capstone_Guru99/Guru99BankFramework/testng.xml

2026-06-13 07:44:19 INFO  io.github.bonigarcia.wdm.WebDriverManager - Using chromedriver 149.0.7827.115 (resolved driver for Chrome 149)
2026-06-13 07:44:19 INFO  io.github.bonigarcia.wdm.online.Downloader - Downloading https://storage.googleapis.com/chrome-for-testing-public/149.0.7827.115/mac-x64/chromedriver-mac-x64.zip
2026-06-13 07:44:21 INFO  io.github.bonigarcia.wdm.online.Downloader - Extracting driver from compressed file chromedriver-mac-x64.zip
2026-06-13 07:44:22 INFO  io.github.bonigarcia.wdm.WebDriverManager - Exporting webdriver.chrome.driver as /Users/ritiksoni/.cache/selenium/chromedriver/mac64/149.0.7827.115/chromedriver
2026-06-13 07:45:00 INFO  io.github.bonigarcia.wdm.WebDriverManager - Using chromedriver 149.0.7827.115 (resolved driver for Chrome 149)
2026-06-13 07:45:00 INFO  io.github.bonigarcia.wdm.WebDriverManager - Exporting webdriver.chrome.driver as /Users/ritiksoni/.cache/selenium/chromedriver/mac64/149.0.7827.115/chromedriver
2026-06-13 07:45:44 INFO  io.github.bonigarcia.wdm.WebDriverManager - Using chromedriver 149.0.7827.115 (resolved driver for Chrome 149)
2026-06-13 07:45:44 INFO  io.github.bonigarcia.wdm.WebDriverManager - Exporting webdriver.chrome.driver as /Users/ritiksoni/.cache/selenium/chromedriver/mac64/149.0.7827.115/chromedriver
2026-06-13 07:46:27 INFO  io.github.bonigarcia.wdm.WebDriverManager - Using chromedriver 149.0.7827.115 (resolved driver for Chrome 149)
2026-06-13 07:46:27 INFO  io.github.bonigarcia.wdm.WebDriverManager - Exporting webdriver.chrome.driver as /Users/ritiksoni/.cache/selenium/chromedriver/mac64/149.0.7827.115/chromedriver
2026-06-13 07:47:44 INFO  org.testng.internal.Utils - [TestNG] Running:
  /Users/ritiksoni/Capstone_Guru99/Guru99BankFramework/testng.xml

2026-06-13 07:47:44 INFO  io.github.bonigarcia.wdm.WebDriverManager - Using chromedriver 149.0.7827.115 (resolved driver for Chrome 149)
2026-06-13 07:47:44 INFO  io.github.bonigarcia.wdm.WebDriverManager - Exporting webdriver.chrome.driver as /Users/ritiksoni/.cache/selenium/chromedriver/mac64/149.0.7827.115/chromedriver
2026-06-13 07:48:28 INFO  io.github.bonigarcia.wdm.WebDriverManager - Using chromedriver 149.0.7827.115 (resolved driver for Chrome 149)
2026-06-13 07:48:28 INFO  io.github.bonigarcia.wdm.WebDriverManager - Exporting webdriver.chrome.driver as /Users/ritiksoni/.cache/selenium/chromedriver/mac64/149.0.7827.115/chromedriver
2026-06-13 07:50:19 INFO  org.testng.internal.Utils - [TestNG] Running:
  /Users/ritiksoni/Capstone_Guru99/Guru99BankFramework/testng.xml

2026-06-13 07:50:20 INFO  io.github.bonigarcia.wdm.WebDriverManager - Using chromedriver 149.0.7827.115 (resolved driver for Chrome 149)
2026-06-13 07:50:20 INFO  io.github.bonigarcia.wdm.WebDriverManager - Exporting webdriver.chrome.driver as /Users/ritiksoni/.cache/selenium/chromedriver/mac64/149.0.7827.115/chromedriver
2026-06-13 07:51:05 INFO  io.github.bonigarcia.wdm.WebDriverManager - Using chromedriver 149.0.7827.115 (resolved driver for Chrome 149)
2026-06-13 07:51:05 INFO  io.github.bonigarcia.wdm.WebDriverManager - Exporting webdriver.chrome.driver as /Users/ritiksoni/.cache/selenium/chromedriver/mac64/149.0.7827.115/chromedriver
2026-06-13 07:51:31 INFO  org.testng.internal.Utils - [TestNG] Running:
  /Users/ritiksoni/Capstone_Guru99/Guru99BankFramework/testng.xml

2026-06-13 07:51:32 INFO  io.github.bonigarcia.wdm.WebDriverManager - Using chromedriver 149.0.7827.115 (resolved driver for Chrome 149)
2026-06-13 07:51:32 INFO  io.github.bonigarcia.wdm.WebDriverManager - Exporting webdriver.chrome.driver as /Users/ritiksoni/.cache/selenium/chromedriver/mac64/149.0.7827.115/chromedriver
2026-06-13 07:52:10 INFO  io.github.bonigarcia.wdm.WebDriverManager - Using chromedriver 149.0.7827.115 (resolved driver for Chrome 149)
2026-06-13 07:52:10 INFO  io.github.bonigarcia.wdm.WebDriverManager - Exporting webdriver.chrome.driver as /Users/ritiksoni/.cache/selenium/chromedriver/mac64/149.0.7827.115/chromedriver
2026-06-13 07:52:48 INFO  io.github.bonigarcia.wdm.WebDriverManager - Using chromedriver 149.0.7827.115 (resolved driver for Chrome 149)
2026-06-13 07:52:49 INFO  io.github.bonigarcia.wdm.WebDriverManager - Exporting webdriver.chrome.driver as /Users/ritiksoni/.cache/selenium/chromedriver/mac64/149.0.7827.115/chromedriver
2026-06-13 07:53:36 INFO  io.github.bonigarcia.wdm.WebDriverManager - Using chromedriver 149.0.7827.115 (resolved driver for Chrome 149)
2026-06-13 07:53:36 INFO  io.github.bonigarcia.wdm.WebDriverManager - Exporting webdriver.chrome.driver as /Users/ritiksoni/.cache/selenium/chromedriver/mac64/149.0.7827.115/chromedriver
2026-06-13 07:56:15 INFO  io.github.bonigarcia.wdm.WebDriverManager - Using chromedriver 149.0.7827.115 (resolved driver for Chrome 149)
2026-06-13 07:56:15 INFO  io.github.bonigarcia.wdm.WebDriverManager - Exporting webdriver.chrome.driver as /Users/ritiksoni/.cache/selenium/chromedriver/mac64/149.0.7827.115/chromedriver
2026-06-13 07:58:18 INFO  org.testng.internal.Utils - [TestNG] Running:
  /Users/ritiksoni/Capstone_Guru99/Guru99BankFramework/testng.xml

2026-06-13 07:58:19 INFO  io.github.bonigarcia.wdm.WebDriverManager - Using chromedriver 149.0.7827.115 (resolved driver for Chrome 149)
2026-06-13 07:58:19 INFO  io.github.bonigarcia.wdm.WebDriverManager - Exporting webdriver.chrome.driver as /Users/ritiksoni/.cache/selenium/chromedriver/mac64/149.0.7827.115/chromedriver
2026-06-13 07:59:11 INFO  io.github.bonigarcia.wdm.WebDriverManager - Using chromedriver 149.0.7827.115 (resolved driver for Chrome 149)
2026-06-13 07:59:11 INFO  io.github.bonigarcia.wdm.WebDriverManager - Exporting webdriver.chrome.driver as /Users/ritiksoni/.cache/selenium/chromedriver/mac64/149.0.7827.115/chromedriver
2026-06-13 08:04:04 INFO  org.testng.internal.Utils - [TestNG] Running:
  /Users/ritiksoni/Capstone_Guru99/Guru99BankFramework/testng.xml

2026-06-13 08:04:05 INFO  io.github.bonigarcia.wdm.WebDriverManager - Using chromedriver 149.0.7827.115 (resolved driver for Chrome 149)
2026-06-13 08:04:05 INFO  io.github.bonigarcia.wdm.WebDriverManager - Exporting webdriver.chrome.driver as /Users/ritiksoni/.cache/selenium/chromedriver/mac64/149.0.7827.115/chromedriver
2026-06-13 08:04:51 INFO  io.github.bonigarcia.wdm.WebDriverManager - Using chromedriver 149.0.7827.115 (resolved driver for Chrome 149)
2026-06-13 08:04:51 INFO  io.github.bonigarcia.wdm.WebDriverManager - Exporting webdriver.chrome.driver as /Users/ritiksoni/.cache/selenium/chromedriver/mac64/149.0.7827.115/chromedriver
2026-06-13 08:05:32 INFO  io.github.bonigarcia.wdm.WebDriverManager - Using chromedriver 149.0.7827.115 (resolved driver for Chrome 149)
2026-06-13 08:05:32 INFO  io.github.bonigarcia.wdm.WebDriverManager - Exporting webdriver.chrome.driver as /Users/ritiksoni/.cache/selenium/chromedriver/mac64/149.0.7827.115/chromedriver
2026-06-13 08:06:30 INFO  io.github.bonigarcia.wdm.WebDriverManager - Using chromedriver 149.0.7827.115 (resolved driver for Chrome 149)
2026-06-13 08:06:30 INFO  io.github.bonigarcia.wdm.WebDriverManager - Exporting webdriver.chrome.driver as /Users/ritiksoni/.cache/selenium/chromedriver/mac64/149.0.7827.115/chromedriver
2026-06-13 08:12:26 INFO  org.testng.internal.Utils - [TestNG] Running:
  /Users/ritiksoni/Capstone_Guru99/Guru99BankFramework/testng.xml

2026-06-13 08:12:27 INFO  io.github.bonigarcia.wdm.WebDriverManager - Using chromedriver 149.0.7827.115 (resolved driver for Chrome 149)
2026-06-13 08:12:27 INFO  io.github.bonigarcia.wdm.WebDriverManager - Exporting webdriver.chrome.driver as /Users/ritiksoni/.cache/selenium/chromedriver/mac64/149.0.7827.115/chromedriver
2026-06-13 08:13:06 INFO  io.github.bonigarcia.wdm.WebDriverManager - Using chromedriver 149.0.7827.115 (resolved driver for Chrome 149)
2026-06-13 08:13:06 INFO  io.github.bonigarcia.wdm.WebDriverManager - Exporting webdriver.chrome.driver as /Users/ritiksoni/.cache/selenium/chromedriver/mac64/149.0.7827.115/chromedriver
2026-06-13 08:16:28 INFO  org.testng.internal.Utils - [TestNG] Running:
  /Users/ritiksoni/Capstone_Guru99/Guru99BankFramework/testng.xml

2026-06-13 08:16:29 INFO  io.github.bonigarcia.wdm.WebDriverManager - Using chromedriver 149.0.7827.115 (resolved driver for Chrome 149)
2026-06-13 08:16:29 INFO  io.github.bonigarcia.wdm.WebDriverManager - Exporting webdriver.chrome.driver as /Users/ritiksoni/.cache/selenium/chromedriver/mac64/149.0.7827.115/chromedriver
2026-06-13 08:17:07 INFO  io.github.bonigarcia.wdm.WebDriverManager - Using chromedriver 149.0.7827.115 (resolved driver for Chrome 149)
2026-06-13 08:17:07 INFO  io.github.bonigarcia.wdm.WebDriverManager - Exporting webdriver.chrome.driver as /Users/ritiksoni/.cache/selenium/chromedriver/mac64/149.0.7827.115/chromedriver
2026-06-13 08:18:16 INFO  org.testng.internal.Utils - [TestNG] Running:
  /Users/ritiksoni/Capstone_Guru99/Guru99BankFramework/testng.xml

2026-06-13 08:18:17 INFO  io.github.bonigarcia.wdm.WebDriverManager - Using chromedriver 149.0.7827.115 (resolved driver for Chrome 149)
2026-06-13 08:18:17 INFO  io.github.bonigarcia.wdm.WebDriverManager - Exporting webdriver.chrome.driver as /Users/ritiksoni/.cache/selenium/chromedriver/mac64/149.0.7827.115/chromedriver
2026-06-13 08:18:53 INFO  io.github.bonigarcia.wdm.WebDriverManager - Using chromedriver 149.0.7827.115 (resolved driver for Chrome 149)
2026-06-13 08:18:53 INFO  io.github.bonigarcia.wdm.WebDriverManager - Exporting webdriver.chrome.driver as /Users/ritiksoni/.cache/selenium/chromedriver/mac64/149.0.7827.115/chromedriver
2026-06-13 08:24:34 INFO  org.testng.internal.Utils - [TestNG] Running:
  /Users/ritiksoni/Capstone_Guru99/Guru99BankFramework/testng.xml

2026-06-13 08:24:35 INFO  io.github.bonigarcia.wdm.WebDriverManager - Using chromedriver 149.0.7827.115 (resolved driver for Chrome 149)
2026-06-13 08:24:35 INFO  io.github.bonigarcia.wdm.WebDriverManager - Exporting webdriver.chrome.driver as /Users/ritiksoni/.cache/selenium/chromedriver/mac64/149.0.7827.115/chromedriver
2026-06-13 08:25:24 INFO  io.github.bonigarcia.wdm.WebDriverManager - Using chromedriver 149.0.7827.115 (resolved driver for Chrome 149)
2026-06-13 08:25:24 INFO  io.github.bonigarcia.wdm.WebDriverManager - Exporting webdriver.chrome.driver as /Users/ritiksoni/.cache/selenium/chromedriver/mac64/149.0.7827.115/chromedriver
2026-06-13 08:27:19 INFO  org.testng.internal.Utils - [TestNG] Running:
  /Users/ritiksoni/Capstone_Guru99/Guru99BankFramework/testng.xml

2026-06-13 08:27:20 INFO  io.github.bonigarcia.wdm.WebDriverManager - Using chromedriver 149.0.7827.115 (resolved driver for Chrome 149)
2026-06-13 08:27:20 INFO  io.github.bonigarcia.wdm.WebDriverManager - Exporting webdriver.chrome.driver as /Users/ritiksoni/.cache/selenium/chromedriver/mac64/149.0.7827.115/chromedriver
2026-06-13 08:28:10 INFO  io.github.bonigarcia.wdm.WebDriverManager - Using chromedriver 149.0.7827.115 (resolved driver for Chrome 149)
2026-06-13 08:28:10 INFO  io.github.bonigarcia.wdm.WebDriverManager - Exporting webdriver.chrome.driver as /Users/ritiksoni/.cache/selenium/chromedriver/mac64/149.0.7827.115/chromedriver
2026-06-13 08:29:27 INFO  org.testng.internal.Utils - [TestNG] Running:
  /Users/ritiksoni/Capstone_Guru99/Guru99BankFramework/testng.xml

2026-06-13 08:29:28 INFO  io.github.bonigarcia.wdm.WebDriverManager - Using chromedriver 149.0.7827.115 (resolved driver for Chrome 149)
2026-06-13 08:29:28 INFO  io.github.bonigarcia.wdm.WebDriverManager - Exporting webdriver.chrome.driver as /Users/ritiksoni/.cache/selenium/chromedriver/mac64/149.0.7827.115/chromedriver
2026-06-13 08:31:32 INFO  org.testng.internal.Utils - [TestNG] Running:
  /Users/ritiksoni/Capstone_Guru99/Guru99BankFramework/testng.xml

2026-06-13 08:31:33 INFO  io.github.bonigarcia.wdm.WebDriverManager - Using chromedriver 149.0.7827.115 (resolved driver for Chrome 149)
2026-06-13 08:31:33 INFO  io.github.bonigarcia.wdm.WebDriverManager - Exporting webdriver.chrome.driver as /Users/ritiksoni/.cache/selenium/chromedriver/mac64/149.0.7827.115/chromedriver
2026-06-13 08:32:21 INFO  io.github.bonigarcia.wdm.WebDriverManager - Using chromedriver 149.0.7827.115 (resolved driver for Chrome 149)
2026-06-13 08:32:21 INFO  io.github.bonigarcia.wdm.WebDriverManager - Exporting webdriver.chrome.driver as /Users/ritiksoni/.cache/selenium/chromedriver/mac64/149.0.7827.115/chromedriver
2026-06-13 08:33:05 INFO  io.github.bonigarcia.wdm.WebDriverManager - Using chromedriver 149.0.7827.115 (resolved driver for Chrome 149)
2026-06-13 08:33:05 INFO  io.github.bonigarcia.wdm.WebDriverManager - Exporting webdriver.chrome.driver as /Users/ritiksoni/.cache/selenium/chromedriver/mac64/149.0.7827.115/chromedriver
2026-06-13 08:33:13 INFO  org.testng.internal.Utils - [TestNG] Running:
  /Users/ritiksoni/Capstone_Guru99/Guru99BankFramework/testng.xml

2026-06-13 08:33:14 INFO  io.github.bonigarcia.wdm.WebDriverManager - Using chromedriver 149.0.7827.115 (resolved driver for Chrome 149)
2026-06-13 08:33:14 INFO  io.github.bonigarcia.wdm.WebDriverManager - Exporting webdriver.chrome.driver as /Users/ritiksoni/.cache/selenium/chromedriver/mac64/149.0.7827.115/chromedriver
2026-06-13 08:34:17 INFO  io.github.bonigarcia.wdm.WebDriverManager - Using chromedriver 149.0.7827.115 (resolved driver for Chrome 149)
2026-06-13 08:34:17 INFO  io.github.bonigarcia.wdm.WebDriverManager - Exporting webdriver.chrome.driver as /Users/ritiksoni/.cache/selenium/chromedriver/mac64/149.0.7827.115/chromedriver
2026-06-13 08:34:18 INFO  io.github.bonigarcia.wdm.WebDriverManager - Using chromedriver 149.0.7827.115 (resolved driver for Chrome 149)
2026-06-13 08:34:18 INFO  io.github.bonigarcia.wdm.WebDriverManager - Exporting webdriver.chrome.driver as /Users/ritiksoni/.cache/selenium/chromedriver/mac64/149.0.7827.115/chromedriver
2026-06-13 08:35:03 INFO  io.github.bonigarcia.wdm.WebDriverManager - Using chromedriver 149.0.7827.115 (resolved driver for Chrome 149)
2026-06-13 08:35:03 INFO  io.github.bonigarcia.wdm.WebDriverManager - Exporting webdriver.chrome.driver as /Users/ritiksoni/.cache/selenium/chromedriver/mac64/149.0.7827.115/chromedriver
2026-06-13 09:12:14 INFO  org.testng.internal.Utils - [TestNG] Running:
  /Users/ritiksoni/Capstone_Guru99/Guru99BankFramework/testng.xml

2026-06-13 09:12:17 INFO  io.github.bonigarcia.wdm.WebDriverManager - Using chromedriver 149.0.7827.115 (resolved driver for Chrome 149)
2026-06-13 09:12:17 INFO  io.github.bonigarcia.wdm.WebDriverManager - Exporting webdriver.chrome.driver as /Users/ritiksoni/.cache/selenium/chromedriver/mac64/149.0.7827.115/chromedriver
2026-06-13 09:13:45 INFO  io.github.bonigarcia.wdm.WebDriverManager - Using chromedriver 149.0.7827.115 (resolved driver for Chrome 149)
2026-06-13 09:13:45 INFO  io.github.bonigarcia.wdm.WebDriverManager - Exporting webdriver.chrome.driver as /Users/ritiksoni/.cache/selenium/chromedriver/mac64/149.0.7827.115/chromedriver
2026-06-13 09:16:51 INFO  org.testng.internal.Utils - [TestNG] Running:
  /Users/ritiksoni/Capstone_Guru99/Guru99BankFramework/testng.xml

2026-06-13 09:16:51 INFO  io.github.bonigarcia.wdm.WebDriverManager - Using chromedriver 149.0.7827.115 (resolved driver for Chrome 149)
2026-06-13 09:16:51 INFO  io.github.bonigarcia.wdm.WebDriverManager - Exporting webdriver.chrome.driver as /Users/ritiksoni/.cache/selenium/chromedriver/mac64/149.0.7827.115/chromedriver
2026-06-13 09:18:17 INFO  io.github.bonigarcia.wdm.WebDriverManager - Using chromedriver 149.0.7827.115 (resolved driver for Chrome 149)
2026-06-13 09:18:17 INFO  io.github.bonigarcia.wdm.WebDriverManager - Exporting webdriver.chrome.driver as /Users/ritiksoni/.cache/selenium/chromedriver/mac64/149.0.7827.115/chromedriver
2026-06-13 09:19:24 INFO  org.testng.internal.Utils - [TestNG] Running:
  /Users/ritiksoni/Capstone_Guru99/Guru99BankFramework/testng.xml

2026-06-13 09:19:25 INFO  io.github.bonigarcia.wdm.WebDriverManager - Using chromedriver 149.0.7827.115 (resolved driver for Chrome 149)
2026-06-13 09:19:25 INFO  io.github.bonigarcia.wdm.WebDriverManager - Exporting webdriver.chrome.driver as /Users/ritiksoni/.cache/selenium/chromedriver/mac64/149.0.7827.115/chromedriver
2026-06-13 09:19:55 INFO  io.github.bonigarcia.wdm.WebDriverManager - Using chromedriver 149.0.7827.115 (resolved driver for Chrome 149)
2026-06-13 09:19:56 INFO  io.github.bonigarcia.wdm.WebDriverManager - Exporting webdriver.chrome.driver as /Users/ritiksoni/.cache/selenium/chromedriver/mac64/149.0.7827.115/chromedriver
2026-06-13 09:20:42 INFO  io.github.bonigarcia.wdm.WebDriverManager - Using chromedriver 149.0.7827.115 (resolved driver for Chrome 149)
2026-06-13 09:20:42 INFO  io.github.bonigarcia.wdm.WebDriverManager - Exporting webdriver.chrome.driver as /Users/ritiksoni/.cache/selenium/chromedriver/mac64/149.0.7827.115/chromedriver
2026-06-13 09:20:57 INFO  io.github.bonigarcia.wdm.WebDriverManager - Using chromedriver 149.0.7827.115 (resolved driver for Chrome 149)
2026-06-13 09:20:57 INFO  io.github.bonigarcia.wdm.WebDriverManager - Exporting webdriver.chrome.driver as /Users/ritiksoni/.cache/selenium/chromedriver/mac64/149.0.7827.115/chromedriver
2026-06-13 09:33:51 INFO  org.testng.internal.Utils - [TestNG] Running:
  /Users/ritiksoni/Capstone_Guru99/Guru99BankFramework/testng.xml

2026-06-13 09:33:52 INFO  io.github.bonigarcia.wdm.WebDriverManager - Using chromedriver 149.0.7827.115 (resolved driver for Chrome 149)
2026-06-13 09:33:52 INFO  io.github.bonigarcia.wdm.WebDriverManager - Exporting webdriver.chrome.driver as /Users/ritiksoni/.cache/selenium/chromedriver/mac64/149.0.7827.115/chromedriver
2026-06-13 10:00:52 INFO  org.testng.internal.Utils - [TestNG] Running:
  /Users/ritiksoni/Capstone_Guru99/Guru99BankFramework/testng.xml

2026-06-13 10:00:52 INFO  io.github.bonigarcia.wdm.WebDriverManager - Using chromedriver 149.0.7827.115 (resolved driver for Chrome 149)
2026-06-13 10:00:52 INFO  io.github.bonigarcia.wdm.WebDriverManager - Exporting webdriver.chrome.driver as /Users/ritiksoni/.cache/selenium/chromedriver/mac64/149.0.7827.115/chromedriver
2026-06-13 10:07:36 INFO  org.testng.internal.Utils - [TestNG] Running:
  /Users/ritiksoni/Capstone_Guru99/Guru99BankFramework/testng.xml

2026-06-13 10:07:37 INFO  io.github.bonigarcia.wdm.WebDriverManager - Using chromedriver 149.0.7827.115 (resolved driver for Chrome 149)
2026-06-13 10:07:37 INFO  io.github.bonigarcia.wdm.WebDriverManager - Exporting webdriver.chrome.driver as /Users/ritiksoni/.cache/selenium/chromedriver/mac64/149.0.7827.115/chromedriver
2026-06-13 10:08:53 INFO  io.github.bonigarcia.wdm.WebDriverManager - Using chromedriver 149.0.7827.115 (resolved driver for Chrome 149)
2026-06-13 10:08:53 INFO  io.github.bonigarcia.wdm.WebDriverManager - Exporting webdriver.chrome.driver as /Users/ritiksoni/.cache/selenium/chromedriver/mac64/149.0.7827.115/chromedriver
2026-06-13 10:31:24 INFO  org.testng.internal.Utils - [TestNG] Running:
  /Users/ritiksoni/Capstone_Guru99/Guru99BankFramework/testng.xml

2026-06-13 10:31:27 INFO  io.github.bonigarcia.wdm.WebDriverManager - Using chromedriver 149.0.7827.115 (resolved driver for Chrome 149)
2026-06-13 10:31:27 INFO  io.github.bonigarcia.wdm.WebDriverManager - Exporting webdriver.chrome.driver as /Users/ritiksoni/.cache/selenium/chromedriver/mac64/149.0.7827.115/chromedriver
2026-06-13 10:32:43 INFO  io.github.bonigarcia.wdm.WebDriverManager - Using chromedriver 149.0.7827.115 (resolved driver for Chrome 149)
2026-06-13 10:32:43 INFO  io.github.bonigarcia.wdm.WebDriverManager - Exporting webdriver.chrome.driver as /Users/ritiksoni/.cache/selenium/chromedriver/mac64/149.0.7827.115/chromedriver
2026-06-13 10:36:17 INFO  org.testng.internal.Utils - [TestNG] Running:
  /Users/ritiksoni/Capstone_Guru99/Guru99BankFramework/testng.xml

2026-06-13 10:36:18 INFO  io.github.bonigarcia.wdm.WebDriverManager - Using chromedriver 149.0.7827.115 (resolved driver for Chrome 149)
2026-06-13 10:36:18 INFO  io.github.bonigarcia.wdm.WebDriverManager - Exporting webdriver.chrome.driver as /Users/ritiksoni/.cache/selenium/chromedriver/mac64/149.0.7827.115/chromedriver
2026-06-13 10:42:16 INFO  org.testng.internal.Utils - [TestNG] Running:
  /Users/ritiksoni/Capstone_Guru99/Guru99BankFramework/testng.xml

2026-06-13 10:42:16 INFO  io.github.bonigarcia.wdm.WebDriverManager - Using chromedriver 149.0.7827.115 (resolved driver for Chrome 149)
2026-06-13 10:42:16 INFO  io.github.bonigarcia.wdm.WebDriverManager - Exporting webdriver.chrome.driver as /Users/ritiksoni/.cache/selenium/chromedriver/mac64/149.0.7827.115/chromedriver
2026-06-13 10:49:27 INFO  org.testng.internal.Utils - [TestNG] Running:
  /Users/ritiksoni/Capstone_Guru99/Guru99BankFramework/testng.xml

2026-06-13 10:49:28 INFO  io.github.bonigarcia.wdm.WebDriverManager - Using chromedriver 149.0.7827.115 (resolved driver for Chrome 149)
2026-06-13 10:49:28 INFO  io.github.bonigarcia.wdm.WebDriverManager - Exporting webdriver.chrome.driver as /Users/ritiksoni/.cache/selenium/chromedriver/mac64/149.0.7827.115/chromedriver
2026-06-13 10:50:28 INFO  io.github.bonigarcia.wdm.WebDriverManager - Using chromedriver 149.0.7827.115 (resolved driver for Chrome 149)
2026-06-13 10:50:28 INFO  io.github.bonigarcia.wdm.WebDriverManager - Exporting webdriver.chrome.driver as /Users/ritiksoni/.cache/selenium/chromedriver/mac64/149.0.7827.115/chromedriver
2026-06-13 10:54:36 INFO  org.testng.internal.Utils - [TestNG] Running:
  /Users/ritiksoni/Capstone_Guru99/Guru99BankFramework/testng.xml

2026-06-13 10:54:37 INFO  io.github.bonigarcia.wdm.WebDriverManager - Using chromedriver 149.0.7827.115 (resolved driver for Chrome 149)
2026-06-13 10:54:37 INFO  io.github.bonigarcia.wdm.WebDriverManager - Exporting webdriver.chrome.driver as /Users/ritiksoni/.cache/selenium/chromedriver/mac64/149.0.7827.115/chromedriver
2026-06-13 10:55:42 INFO  org.testng.internal.Utils - [TestNG] Running:
  /Users/ritiksoni/Capstone_Guru99/Guru99BankFramework/testng.xml

2026-06-13 10:55:43 INFO  io.github.bonigarcia.wdm.WebDriverManager - Using chromedriver 149.0.7827.115 (resolved driver for Chrome 149)
2026-06-13 10:55:43 INFO  io.github.bonigarcia.wdm.WebDriverManager - Exporting webdriver.chrome.driver as /Users/ritiksoni/.cache/selenium/chromedriver/mac64/149.0.7827.115/chromedriver
2026-06-13 10:56:39 INFO  io.github.bonigarcia.wdm.WebDriverManager - Using chromedriver 149.0.7827.115 (resolved driver for Chrome 149)
2026-06-13 10:56:40 INFO  io.github.bonigarcia.wdm.WebDriverManager - Exporting webdriver.chrome.driver as /Users/ritiksoni/.cache/selenium/chromedriver/mac64/149.0.7827.115/chromedriver
2026-06-13 11:04:20 INFO  org.testng.internal.Utils - [TestNG] Running:
  /Users/ritiksoni/Capstone_Guru99/Guru99BankFramework/testng.xml

2026-06-13 11:04:21 INFO  io.github.bonigarcia.wdm.WebDriverManager - Using chromedriver 149.0.7827.115 (resolved driver for Chrome 149)
2026-06-13 11:04:21 INFO  io.github.bonigarcia.wdm.WebDriverManager - Exporting webdriver.chrome.driver as /Users/ritiksoni/.cache/selenium/chromedriver/mac64/149.0.7827.115/chromedriver
2026-06-13 11:05:26 INFO  io.github.bonigarcia.wdm.WebDriverManager - Using chromedriver 149.0.7827.115 (resolved driver for Chrome 149)
2026-06-13 11:05:26 INFO  io.github.bonigarcia.wdm.WebDriverManager - Exporting webdriver.chrome.driver as /Users/ritiksoni/.cache/selenium/chromedriver/mac64/149.0.7827.115/chromedriver
2026-06-13 11:06:33 INFO  io.github.bonigarcia.wdm.WebDriverManager - Using chromedriver 149.0.7827.115 (resolved driver for Chrome 149)
2026-06-13 11:06:33 INFO  io.github.bonigarcia.wdm.WebDriverManager - Exporting webdriver.chrome.driver as /Users/ritiksoni/.cache/selenium/chromedriver/mac64/149.0.7827.115/chromedriver
2026-06-13 11:07:28 INFO  org.testng.internal.Utils - [TestNG] Running:
  /Users/ritiksoni/Capstone_Guru99/Guru99BankFramework/testng.xml

2026-06-13 11:07:29 INFO  io.github.bonigarcia.wdm.WebDriverManager - Using chromedriver 149.0.7827.115 (resolved driver for Chrome 149)
2026-06-13 11:07:29 INFO  io.github.bonigarcia.wdm.WebDriverManager - Exporting webdriver.chrome.driver as /Users/ritiksoni/.cache/selenium/chromedriver/mac64/149.0.7827.115/chromedriver
2026-06-13 11:10:35 INFO  org.testng.internal.Utils - [TestNG] Running:
  /Users/ritiksoni/Capstone_Guru99/Guru99BankFramework/testng.xml

2026-06-13 11:10:36 INFO  io.github.bonigarcia.wdm.WebDriverManager - Using chromedriver 149.0.7827.115 (resolved driver for Chrome 149)
2026-06-13 11:10:36 INFO  io.github.bonigarcia.wdm.WebDriverManager - Exporting webdriver.chrome.driver as /Users/ritiksoni/.cache/selenium/chromedriver/mac64/149.0.7827.115/chromedriver
2026-06-13 11:11:33 INFO  io.github.bonigarcia.wdm.WebDriverManager - Using chromedriver 149.0.7827.115 (resolved driver for Chrome 149)
2026-06-13 11:11:33 INFO  io.github.bonigarcia.wdm.WebDriverManager - Exporting webdriver.chrome.driver as /Users/ritiksoni/.cache/selenium/chromedriver/mac64/149.0.7827.115/chromedriver
2026-06-13 11:12:49 INFO  org.testng.internal.Utils - [TestNG] Running:
  /Users/ritiksoni/Capstone_Guru99/Guru99BankFramework/testng.xml

2026-06-13 11:12:49 INFO  io.github.bonigarcia.wdm.WebDriverManager - Using chromedriver 149.0.7827.115 (resolved driver for Chrome 149)
2026-06-13 11:12:49 INFO  io.github.bonigarcia.wdm.WebDriverManager - Exporting webdriver.chrome.driver as /Users/ritiksoni/.cache/selenium/chromedriver/mac64/149.0.7827.115/chromedriver
2026-06-13 11:13:40 INFO  io.github.bonigarcia.wdm.WebDriverManager - Using chromedriver 149.0.7827.115 (resolved driver for Chrome 149)
2026-06-13 11:13:40 INFO  io.github.bonigarcia.wdm.WebDriverManager - Exporting webdriver.chrome.driver as /Users/ritiksoni/.cache/selenium/chromedriver/mac64/149.0.7827.115/chromedriver
2026-06-13 11:14:43 INFO  org.testng.internal.Utils - [TestNG] Running:
  /Users/ritiksoni/Capstone_Guru99/Guru99BankFramework/testng.xml

2026-06-13 11:14:44 INFO  io.github.bonigarcia.wdm.WebDriverManager - Using chromedriver 149.0.7827.115 (resolved driver for Chrome 149)
2026-06-13 11:14:44 INFO  io.github.bonigarcia.wdm.WebDriverManager - Exporting webdriver.chrome.driver as /Users/ritiksoni/.cache/selenium/chromedriver/mac64/149.0.7827.115/chromedriver
2026-06-13 11:15:39 INFO  io.github.bonigarcia.wdm.WebDriverManager - Using chromedriver 149.0.7827.115 (resolved driver for Chrome 149)
2026-06-13 11:15:39 INFO  io.github.bonigarcia.wdm.WebDriverManager - Exporting webdriver.chrome.driver as /Users/ritiksoni/.cache/selenium/chromedriver/mac64/149.0.7827.115/chromedriver
2026-06-13 11:18:42 INFO  org.testng.internal.Utils - [TestNG] Running:
  /Users/ritiksoni/Capstone_Guru99/Guru99BankFramework/testng.xml

2026-06-13 11:18:43 INFO  io.github.bonigarcia.wdm.WebDriverManager - Using chromedriver 149.0.7827.115 (resolved driver for Chrome 149)
2026-06-13 11:18:43 INFO  io.github.bonigarcia.wdm.WebDriverManager - Exporting webdriver.chrome.driver as /Users/ritiksoni/.cache/selenium/chromedriver/mac64/149.0.7827.115/chromedriver
2026-06-13 11:19:43 INFO  io.github.bonigarcia.wdm.WebDriverManager - Using chromedriver 149.0.7827.115 (resolved driver for Chrome 149)
2026-06-13 11:19:43 INFO  io.github.bonigarcia.wdm.WebDriverManager - Exporting webdriver.chrome.driver as /Users/ritiksoni/.cache/selenium/chromedriver/mac64/149.0.7827.115/chromedriver
2026-06-13 11:21:09 INFO  org.testng.internal.Utils - [TestNG] Running:
  /Users/ritiksoni/Capstone_Guru99/Guru99BankFramework/testng.xml

2026-06-13 11:21:10 INFO  io.github.bonigarcia.wdm.WebDriverManager - Using chromedriver 149.0.7827.115 (resolved driver for Chrome 149)
2026-06-13 11:21:10 INFO  io.github.bonigarcia.wdm.WebDriverManager - Exporting webdriver.chrome.driver as /Users/ritiksoni/.cache/selenium/chromedriver/mac64/149.0.7827.115/chromedriver
2026-06-13 11:22:06 INFO  io.github.bonigarcia.wdm.WebDriverManager - Using chromedriver 149.0.7827.115 (resolved driver for Chrome 149)
2026-06-13 11:22:06 INFO  io.github.bonigarcia.wdm.WebDriverManager - Exporting webdriver.chrome.driver as /Users/ritiksoni/.cache/selenium/chromedriver/mac64/149.0.7827.115/chromedriver
2026-06-13 11:23:16 INFO  org.testng.internal.Utils - [TestNG] Running:
  /Users/ritiksoni/Capstone_Guru99/Guru99BankFramework/testng.xml

2026-06-13 11:23:17 INFO  io.github.bonigarcia.wdm.WebDriverManager - Using chromedriver 149.0.7827.115 (resolved driver for Chrome 149)
2026-06-13 11:23:17 INFO  io.github.bonigarcia.wdm.WebDriverManager - Exporting webdriver.chrome.driver as /Users/ritiksoni/.cache/selenium/chromedriver/mac64/149.0.7827.115/chromedriver
2026-06-13 11:25:23 INFO  org.testng.internal.Utils - [TestNG] Running:
  /Users/ritiksoni/Capstone_Guru99/Guru99BankFramework/testng.xml

2026-06-13 11:25:24 INFO  io.github.bonigarcia.wdm.WebDriverManager - Using chromedriver 149.0.7827.115 (resolved driver for Chrome 149)
2026-06-13 11:25:24 INFO  io.github.bonigarcia.wdm.WebDriverManager - Exporting webdriver.chrome.driver as /Users/ritiksoni/.cache/selenium/chromedriver/mac64/149.0.7827.115/chromedriver
2026-06-13 11:29:29 INFO  org.testng.internal.Utils - [TestNG] Running:
  /Users/ritiksoni/Capstone_Guru99/Guru99BankFramework/testng.xml

2026-06-13 11:29:30 INFO  io.github.bonigarcia.wdm.WebDriverManager - Using chromedriver 149.0.7827.115 (resolved driver for Chrome 149)
2026-06-13 11:29:30 INFO  io.github.bonigarcia.wdm.WebDriverManager - Exporting webdriver.chrome.driver as /Users/ritiksoni/.cache/selenium/chromedriver/mac64/149.0.7827.115/chromedriver
2026-06-13 11:30:36 INFO  io.github.bonigarcia.wdm.WebDriverManager - Using chromedriver 149.0.7827.115 (resolved driver for Chrome 149)
2026-06-13 11:30:36 INFO  io.github.bonigarcia.wdm.WebDriverManager - Exporting webdriver.chrome.driver as /Users/ritiksoni/.cache/selenium/chromedriver/mac64/149.0.7827.115/chromedriver
2026-06-13 11:37:24 INFO  org.testng.internal.Utils - [TestNG] Running:
  /Users/ritiksoni/Capstone_Guru99/Guru99BankFramework/testng.xml

2026-06-13 11:37:28 INFO  io.github.bonigarcia.wdm.WebDriverManager - Using chromedriver 149.0.7827.115 (resolved driver for Chrome 149)
2026-06-13 11:37:28 INFO  io.github.bonigarcia.wdm.WebDriverManager - Exporting webdriver.chrome.driver as /Users/ritiksoni/.cache/selenium/chromedriver/mac64/149.0.7827.115/chromedriver
2026-06-13 11:38:22 INFO  io.github.bonigarcia.wdm.WebDriverManager - Using chromedriver 149.0.7827.115 (resolved driver for Chrome 149)
2026-06-13 11:38:22 INFO  io.github.bonigarcia.wdm.WebDriverManager - Exporting webdriver.chrome.driver as /Users/ritiksoni/.cache/selenium/chromedriver/mac64/149.0.7827.115/chromedriver
2026-06-13 11:39:14 INFO  io.github.bonigarcia.wdm.WebDriverManager - Using chromedriver 149.0.7827.115 (resolved driver for Chrome 149)
2026-06-13 11:39:14 INFO  io.github.bonigarcia.wdm.WebDriverManager - Exporting webdriver.chrome.driver as /Users/ritiksoni/.cache/selenium/chromedriver/mac64/149.0.7827.115/chromedriver
2026-06-13 11:40:21 INFO  org.testng.internal.Utils - [TestNG] Running:
  /Users/ritiksoni/Capstone_Guru99/Guru99BankFramework/testng.xml

2026-06-13 11:40:22 INFO  io.github.bonigarcia.wdm.WebDriverManager - Using chromedriver 149.0.7827.115 (resolved driver for Chrome 149)
2026-06-13 11:40:22 INFO  io.github.bonigarcia.wdm.WebDriverManager - Exporting webdriver.chrome.driver as /Users/ritiksoni/.cache/selenium/chromedriver/mac64/149.0.7827.115/chromedriver
2026-06-13 11:41:27 INFO  io.github.bonigarcia.wdm.WebDriverManager - Using chromedriver 149.0.7827.115 (resolved driver for Chrome 149)
2026-06-13 11:41:27 INFO  io.github.bonigarcia.wdm.WebDriverManager - Exporting webdriver.chrome.driver as /Users/ritiksoni/.cache/selenium/chromedriver/mac64/149.0.7827.115/chromedriver
2026-06-13 11:42:13 INFO  org.testng.internal.Utils - [TestNG] Running:
  /Users/ritiksoni/Capstone_Guru99/Guru99BankFramework/testng.xml

2026-06-13 11:42:14 INFO  io.github.bonigarcia.wdm.WebDriverManager - Using chromedriver 149.0.7827.115 (resolved driver for Chrome 149)
2026-06-13 11:42:14 INFO  io.github.bonigarcia.wdm.WebDriverManager - Exporting webdriver.chrome.driver as /Users/ritiksoni/.cache/selenium/chromedriver/mac64/149.0.7827.115/chromedriver
2026-06-13 11:42:25 INFO  io.github.bonigarcia.wdm.WebDriverManager - Using chromedriver 149.0.7827.115 (resolved driver for Chrome 149)
2026-06-13 11:42:25 INFO  io.github.bonigarcia.wdm.WebDriverManager - Exporting webdriver.chrome.driver as /Users/ritiksoni/.cache/selenium/chromedriver/mac64/149.0.7827.115/chromedriver
2026-06-13 11:42:50 INFO  io.github.bonigarcia.wdm.WebDriverManager - Using chromedriver 149.0.7827.115 (resolved driver for Chrome 149)
2026-06-13 11:42:50 INFO  io.github.bonigarcia.wdm.WebDriverManager - Exporting webdriver.chrome.driver as /Users/ritiksoni/.cache/selenium/chromedriver/mac64/149.0.7827.115/chromedriver
2026-06-13 11:43:27 INFO  org.testng.internal.Utils - [TestNG] Running:
  /Users/ritiksoni/Capstone_Guru99/Guru99BankFramework/testng.xml

2026-06-13 11:43:28 INFO  io.github.bonigarcia.wdm.WebDriverManager - Using chromedriver 149.0.7827.115 (resolved driver for Chrome 149)
2026-06-13 11:43:28 INFO  io.github.bonigarcia.wdm.WebDriverManager - Exporting webdriver.chrome.driver as /Users/ritiksoni/.cache/selenium/chromedriver/mac64/149.0.7827.115/chromedriver
2026-06-13 11:43:43 INFO  io.github.bonigarcia.wdm.WebDriverManager - Using chromedriver 149.0.7827.115 (resolved driver for Chrome 149)
2026-06-13 11:43:43 INFO  io.github.bonigarcia.wdm.WebDriverManager - Exporting webdriver.chrome.driver as /Users/ritiksoni/.cache/selenium/chromedriver/mac64/149.0.7827.115/chromedriver
2026-06-13 11:48:19 INFO  org.testng.internal.Utils - [TestNG] Running:
  /Users/ritiksoni/Capstone_Guru99/Guru99BankFramework/testng.xml

2026-06-13 11:48:19 INFO  io.github.bonigarcia.wdm.WebDriverManager - Using chromedriver 149.0.7827.115 (resolved driver for Chrome 149)
2026-06-13 11:48:20 INFO  io.github.bonigarcia.wdm.WebDriverManager - Exporting webdriver.chrome.driver as /Users/ritiksoni/.cache/selenium/chromedriver/mac64/149.0.7827.115/chromedriver
2026-06-13 11:49:47 INFO  org.testng.internal.Utils - [TestNG] Running:
  /Users/ritiksoni/Capstone_Guru99/Guru99BankFramework/testng.xml

2026-06-13 11:49:48 INFO  io.github.bonigarcia.wdm.WebDriverManager - Using chromedriver 149.0.7827.115 (resolved driver for Chrome 149)
2026-06-13 11:49:48 INFO  io.github.bonigarcia.wdm.WebDriverManager - Exporting webdriver.chrome.driver as /Users/ritiksoni/.cache/selenium/chromedriver/mac64/149.0.7827.115/chromedriver
2026-06-13 11:50:56 INFO  org.testng.internal.Utils - [TestNG] Running:
  /Users/ritiksoni/Capstone_Guru99/Guru99BankFramework/testng.xml

2026-06-13 11:50:57 INFO  io.github.bonigarcia.wdm.WebDriverManager - Using chromedriver 149.0.7827.115 (resolved driver for Chrome 149)
2026-06-13 11:50:57 INFO  io.github.bonigarcia.wdm.WebDriverManager - Exporting webdriver.chrome.driver as /Users/ritiksoni/.cache/selenium/chromedriver/mac64/149.0.7827.115/chromedriver
2026-06-13 11:52:00 INFO  io.github.bonigarcia.wdm.WebDriverManager - Using chromedriver 149.0.7827.115 (resolved driver for Chrome 149)
2026-06-13 11:52:00 INFO  io.github.bonigarcia.wdm.WebDriverManager - Exporting webdriver.chrome.driver as /Users/ritiksoni/.cache/selenium/chromedriver/mac64/149.0.7827.115/chromedriver
2026-06-13 12:00:42 INFO  org.testng.internal.Utils - [TestNG] Running:
  /Users/ritiksoni/Capstone_Guru99/Guru99BankFramework/testng.xml

2026-06-13 12:00:43 INFO  io.github.bonigarcia.wdm.WebDriverManager - Using chromedriver 149.0.7827.115 (resolved driver for Chrome 149)
2026-06-13 12:00:43 INFO  io.github.bonigarcia.wdm.WebDriverManager - Exporting webdriver.chrome.driver as /Users/ritiksoni/.cache/selenium/chromedriver/mac64/149.0.7827.115/chromedriver
2026-06-13 12:02:29 INFO  org.testng.internal.Utils - [TestNG] Running:
  /Users/ritiksoni/Capstone_Guru99/Guru99BankFramework/testng.xml

2026-06-13 12:02:30 INFO  io.github.bonigarcia.wdm.WebDriverManager - Using chromedriver 149.0.7827.115 (resolved driver for Chrome 149)
2026-06-13 12:02:30 INFO  io.github.bonigarcia.wdm.WebDriverManager - Exporting webdriver.chrome.driver as /Users/ritiksoni/.cache/selenium/chromedriver/mac64/149.0.7827.115/chromedriver
2026-06-13 12:10:29 INFO  org.testng.internal.Utils - [TestNG] Running:
  /Users/ritiksoni/Capstone_Guru99/Guru99BankFramework/testng.xml

2026-06-13 12:10:29 INFO  io.github.bonigarcia.wdm.WebDriverManager - Using chromedriver 149.0.7827.115 (resolved driver for Chrome 149)
2026-06-13 12:10:30 INFO  io.github.bonigarcia.wdm.WebDriverManager - Exporting webdriver.chrome.driver as /Users/ritiksoni/.cache/selenium/chromedriver/mac64/149.0.7827.115/chromedriver
2026-06-13 12:14:02 INFO  org.testng.internal.Utils - [TestNG] Running:
  /Users/ritiksoni/Capstone_Guru99/Guru99BankFramework/testng.xml

2026-06-13 12:14:02 INFO  io.github.bonigarcia.wdm.WebDriverManager - Using chromedriver 149.0.7827.115 (resolved driver for Chrome 149)
2026-06-13 12:14:02 INFO  io.github.bonigarcia.wdm.WebDriverManager - Exporting webdriver.chrome.driver as /Users/ritiksoni/.cache/selenium/chromedriver/mac64/149.0.7827.115/chromedriver
2026-06-13 12:14:58 INFO  io.github.bonigarcia.wdm.WebDriverManager - Using chromedriver 149.0.7827.115 (resolved driver for Chrome 149)
2026-06-13 12:14:58 INFO  io.github.bonigarcia.wdm.WebDriverManager - Exporting webdriver.chrome.driver as /Users/ritiksoni/.cache/selenium/chromedriver/mac64/149.0.7827.115/chromedriver
2026-06-13 12:18:29 INFO  org.testng.internal.Utils - [TestNG] Running:
  /Users/ritiksoni/Capstone_Guru99/Guru99BankFramework/testng.xml

2026-06-13 12:18:30 INFO  io.github.bonigarcia.wdm.WebDriverManager - Using chromedriver 149.0.7827.115 (resolved driver for Chrome 149)
2026-06-13 12:18:30 INFO  io.github.bonigarcia.wdm.WebDriverManager - Exporting webdriver.chrome.driver as /Users/ritiksoni/.cache/selenium/chromedriver/mac64/149.0.7827.115/chromedriver
2026-06-13 12:22:09 INFO  org.testng.internal.Utils - [TestNG] Running:
  /Users/ritiksoni/Capstone_Guru99/Guru99BankFramework/testng.xml

2026-06-13 12:22:10 INFO  io.github.bonigarcia.wdm.WebDriverManager - Using chromedriver 149.0.7827.115 (resolved driver for Chrome 149)
2026-06-13 12:22:10 INFO  io.github.bonigarcia.wdm.WebDriverManager - Exporting webdriver.chrome.driver as /Users/ritiksoni/.cache/selenium/chromedriver/mac64/149.0.7827.115/chromedriver
2026-06-13 12:23:11 INFO  io.github.bonigarcia.wdm.WebDriverManager - Using chromedriver 149.0.7827.115 (resolved driver for Chrome 149)
2026-06-13 12:23:11 INFO  io.github.bonigarcia.wdm.WebDriverManager - Exporting webdriver.chrome.driver as /Users/ritiksoni/.cache/selenium/chromedriver/mac64/149.0.7827.115/chromedriver
2026-06-13 12:26:24 INFO  org.testng.internal.Utils - [TestNG] Running:
  /Users/ritiksoni/Capstone_Guru99/Guru99BankFramework/testng.xml

2026-06-13 12:26:25 INFO  io.github.bonigarcia.wdm.WebDriverManager - Using chromedriver 149.0.7827.115 (resolved driver for Chrome 149)
2026-06-13 12:26:25 INFO  io.github.bonigarcia.wdm.WebDriverManager - Exporting webdriver.chrome.driver as /Users/ritiksoni/.cache/selenium/chromedriver/mac64/149.0.7827.115/chromedriver
2026-06-13 12:27:22 INFO  io.github.bonigarcia.wdm.WebDriverManager - Using chromedriver 149.0.7827.115 (resolved driver for Chrome 149)
2026-06-13 12:27:22 INFO  io.github.bonigarcia.wdm.WebDriverManager - Exporting webdriver.chrome.driver as /Users/ritiksoni/.cache/selenium/chromedriver/mac64/149.0.7827.115/chromedriver
2026-06-13 12:28:40 INFO  org.testng.internal.Utils - [TestNG] Running:
  /Users/ritiksoni/Capstone_Guru99/Guru99BankFramework/testng.xml

2026-06-13 12:28:41 INFO  io.github.bonigarcia.wdm.WebDriverManager - Using chromedriver 149.0.7827.115 (resolved driver for Chrome 149)
2026-06-13 12:28:41 INFO  io.github.bonigarcia.wdm.WebDriverManager - Exporting webdriver.chrome.driver as /Users/ritiksoni/.cache/selenium/chromedriver/mac64/149.0.7827.115/chromedriver
2026-06-13 12:30:45 INFO  org.testng.internal.Utils - [TestNG] Running:
  /Users/ritiksoni/Capstone_Guru99/Guru99BankFramework/testng.xml

2026-06-13 12:30:45 INFO  io.github.bonigarcia.wdm.WebDriverManager - Using chromedriver 149.0.7827.115 (resolved driver for Chrome 149)
2026-06-13 12:30:45 INFO  io.github.bonigarcia.wdm.WebDriverManager - Exporting webdriver.chrome.driver as /Users/ritiksoni/.cache/selenium/chromedriver/mac64/149.0.7827.115/chromedriver
2026-06-13 12:31:47 INFO  io.github.bonigarcia.wdm.WebDriverManager - Using chromedriver 149.0.7827.115 (resolved driver for Chrome 149)
2026-06-13 12:31:47 INFO  io.github.bonigarcia.wdm.WebDriverManager - Exporting webdriver.chrome.driver as /Users/ritiksoni/.cache/selenium/chromedriver/mac64/149.0.7827.115/chromedriver
2026-06-13 12:33:39 INFO  org.testng.internal.Utils - [TestNG] Running:
  /Users/ritiksoni/Capstone_Guru99/Guru99BankFramework/testng.xml

2026-06-13 12:33:40 INFO  io.github.bonigarcia.wdm.WebDriverManager - Using chromedriver 149.0.7827.115 (resolved driver for Chrome 149)
2026-06-13 12:33:40 INFO  io.github.bonigarcia.wdm.WebDriverManager - Exporting webdriver.chrome.driver as /Users/ritiksoni/.cache/selenium/chromedriver/mac64/149.0.7827.115/chromedriver
2026-06-13 12:34:41 INFO  io.github.bonigarcia.wdm.WebDriverManager - Using chromedriver 149.0.7827.115 (resolved driver for Chrome 149)
2026-06-13 12:34:41 INFO  io.github.bonigarcia.wdm.WebDriverManager - Exporting webdriver.chrome.driver as /Users/ritiksoni/.cache/selenium/chromedriver/mac64/149.0.7827.115/chromedriver
2026-06-13 12:35:43 INFO  io.github.bonigarcia.wdm.WebDriverManager - Using chromedriver 149.0.7827.115 (resolved driver for Chrome 149)
2026-06-13 12:35:43 INFO  io.github.bonigarcia.wdm.WebDriverManager - Exporting webdriver.chrome.driver as /Users/ritiksoni/.cache/selenium/chromedriver/mac64/149.0.7827.115/chromedriver
2026-06-13 12:36:54 INFO  org.testng.internal.Utils - [TestNG] Running:
  /Users/ritiksoni/Capstone_Guru99/Guru99BankFramework/testng.xml

2026-06-13 12:36:55 INFO  io.github.bonigarcia.wdm.WebDriverManager - Using chromedriver 149.0.7827.115 (resolved driver for Chrome 149)
2026-06-13 12:36:55 INFO  io.github.bonigarcia.wdm.WebDriverManager - Exporting webdriver.chrome.driver as /Users/ritiksoni/.cache/selenium/chromedriver/mac64/149.0.7827.115/chromedriver
2026-06-13 12:37:57 INFO  io.github.bonigarcia.wdm.WebDriverManager - Using chromedriver 149.0.7827.115 (resolved driver for Chrome 149)
2026-06-13 12:37:57 INFO  io.github.bonigarcia.wdm.WebDriverManager - Exporting webdriver.chrome.driver as /Users/ritiksoni/.cache/selenium/chromedriver/mac64/149.0.7827.115/chromedriver
2026-06-13 12:39:20 INFO  org.testng.internal.Utils - [TestNG] Running:
  /Users/ritiksoni/Capstone_Guru99/Guru99BankFramework/testng.xml

2026-06-13 12:39:20 INFO  io.github.bonigarcia.wdm.WebDriverManager - Using chromedriver 149.0.7827.115 (resolved driver for Chrome 149)
2026-06-13 12:39:20 INFO  io.github.bonigarcia.wdm.WebDriverManager - Exporting webdriver.chrome.driver as /Users/ritiksoni/.cache/selenium/chromedriver/mac64/149.0.7827.115/chromedriver
2026-06-13 12:40:23 INFO  io.github.bonigarcia.wdm.WebDriverManager - Using chromedriver 149.0.7827.115 (resolved driver for Chrome 149)
2026-06-13 12:40:23 INFO  io.github.bonigarcia.wdm.WebDriverManager - Exporting webdriver.chrome.driver as /Users/ritiksoni/.cache/selenium/chromedriver/mac64/149.0.7827.115/chromedriver
2026-06-13 12:47:44 INFO  org.testng.internal.Utils - [TestNG] Running:
  /Users/ritiksoni/Capstone_Guru99/Guru99BankFramework/testng.xml

2026-06-13 12:47:45 INFO  io.github.bonigarcia.wdm.WebDriverManager - Using chromedriver 149.0.7827.115 (resolved driver for Chrome 149)
2026-06-13 12:47:45 INFO  io.github.bonigarcia.wdm.WebDriverManager - Exporting webdriver.chrome.driver as /Users/ritiksoni/.cache/selenium/chromedriver/mac64/149.0.7827.115/chromedriver
2026-06-13 12:48:47 INFO  io.github.bonigarcia.wdm.WebDriverManager - Using chromedriver 149.0.7827.115 (resolved driver for Chrome 149)
2026-06-13 12:48:47 INFO  io.github.bonigarcia.wdm.WebDriverManager - Exporting webdriver.chrome.driver as /Users/ritiksoni/.cache/selenium/chromedriver/mac64/149.0.7827.115/chromedriver
2026-06-13 13:08:25 INFO  org.testng.internal.Utils - [TestNG] Running:
  /Users/ritiksoni/Capstone_Guru99/Guru99BankFramework/testng.xml

2026-06-13 13:08:26 INFO  io.github.bonigarcia.wdm.WebDriverManager - Using chromedriver 149.0.7827.115 (resolved driver for Chrome 149)
2026-06-13 13:08:26 INFO  io.github.bonigarcia.wdm.WebDriverManager - Exporting webdriver.chrome.driver as /Users/ritiksoni/.cache/selenium/chromedriver/mac64/149.0.7827.115/chromedriver
2026-06-13 13:09:30 INFO  io.github.bonigarcia.wdm.WebDriverManager - Using chromedriver 149.0.7827.115 (resolved driver for Chrome 149)
2026-06-13 13:09:30 INFO  io.github.bonigarcia.wdm.WebDriverManager - Exporting webdriver.chrome.driver as /Users/ritiksoni/.cache/selenium/chromedriver/mac64/149.0.7827.115/chromedriver
2026-06-13 13:10:32 INFO  io.github.bonigarcia.wdm.WebDriverManager - Using chromedriver 149.0.7827.115 (resolved driver for Chrome 149)
2026-06-13 13:10:32 INFO  io.github.bonigarcia.wdm.WebDriverManager - Exporting webdriver.chrome.driver as /Users/ritiksoni/.cache/selenium/chromedriver/mac64/149.0.7827.115/chromedriver
2026-06-13 13:11:39 INFO  io.github.bonigarcia.wdm.WebDriverManager - Using chromedriver 149.0.7827.115 (resolved driver for Chrome 149)
2026-06-13 13:11:39 INFO  io.github.bonigarcia.wdm.WebDriverManager - Exporting webdriver.chrome.driver as /Users/ritiksoni/.cache/selenium/chromedriver/mac64/149.0.7827.115/chromedriver
2026-06-13 13:12:28 INFO  io.github.bonigarcia.wdm.WebDriverManager - Using chromedriver 149.0.7827.115 (resolved driver for Chrome 149)
2026-06-13 13:12:28 INFO  io.github.bonigarcia.wdm.WebDriverManager - Exporting webdriver.chrome.driver as /Users/ritiksoni/.cache/selenium/chromedriver/mac64/149.0.7827.115/chromedriver
2026-06-13 13:25:39 INFO  org.testng.internal.Utils - [TestNG] Running:
  /Users/ritiksoni/Capstone_Guru99/Guru99BankFramework/testng.xml

2026-06-13 13:25:40 INFO  io.github.bonigarcia.wdm.WebDriverManager - Using chromedriver 149.0.7827.115 (resolved driver for Chrome 149)
2026-06-13 13:25:40 INFO  io.github.bonigarcia.wdm.WebDriverManager - Exporting webdriver.chrome.driver as /Users/ritiksoni/.cache/selenium/chromedriver/mac64/149.0.7827.115/chromedriver
2026-06-13 13:26:28 INFO  io.github.bonigarcia.wdm.WebDriverManager - Using chromedriver 149.0.7827.115 (resolved driver for Chrome 149)
2026-06-13 13:26:28 INFO  io.github.bonigarcia.wdm.WebDriverManager - Exporting webdriver.chrome.driver as /Users/ritiksoni/.cache/selenium/chromedriver/mac64/149.0.7827.115/chromedriver
2026-06-13 13:27:35 INFO  org.testng.internal.Utils - [TestNG] Running:
  /Users/ritiksoni/Capstone_Guru99/Guru99BankFramework/testng.xml

2026-06-13 13:27:36 INFO  io.github.bonigarcia.wdm.WebDriverManager - Using chromedriver 149.0.7827.115 (resolved driver for Chrome 149)
2026-06-13 13:27:36 INFO  io.github.bonigarcia.wdm.WebDriverManager - Exporting webdriver.chrome.driver as /Users/ritiksoni/.cache/selenium/chromedriver/mac64/149.0.7827.115/chromedriver
2026-06-13 13:28:26 INFO  io.github.bonigarcia.wdm.WebDriverManager - Using chromedriver 149.0.7827.115 (resolved driver for Chrome 149)
2026-06-13 13:28:26 INFO  io.github.bonigarcia.wdm.WebDriverManager - Exporting webdriver.chrome.driver as /Users/ritiksoni/.cache/selenium/chromedriver/mac64/149.0.7827.115/chromedriver
2026-06-13 13:31:50 INFO  org.testng.internal.Utils - [TestNG] Running:
  /Users/ritiksoni/Capstone_Guru99/Guru99BankFramework/testng.xml

2026-06-13 13:31:51 INFO  io.github.bonigarcia.wdm.WebDriverManager - Using chromedriver 149.0.7827.115 (resolved driver for Chrome 149)
2026-06-13 13:31:51 INFO  io.github.bonigarcia.wdm.WebDriverManager - Exporting webdriver.chrome.driver as /Users/ritiksoni/.cache/selenium/chromedriver/mac64/149.0.7827.115/chromedriver
2026-06-13 13:32:43 INFO  io.github.bonigarcia.wdm.WebDriverManager - Using chromedriver 149.0.7827.115 (resolved driver for Chrome 149)
2026-06-13 13:32:43 INFO  io.github.bonigarcia.wdm.WebDriverManager - Exporting webdriver.chrome.driver as /Users/ritiksoni/.cache/selenium/chromedriver/mac64/149.0.7827.115/chromedriver
2026-06-13 13:35:18 INFO  org.testng.internal.Utils - [TestNG] Running:
  /Users/ritiksoni/Capstone_Guru99/Guru99BankFramework/testng.xml

2026-06-13 13:35:19 INFO  io.github.bonigarcia.wdm.WebDriverManager - Using chromedriver 149.0.7827.115 (resolved driver for Chrome 149)
2026-06-13 13:35:19 INFO  io.github.bonigarcia.wdm.WebDriverManager - Exporting webdriver.chrome.driver as /Users/ritiksoni/.cache/selenium/chromedriver/mac64/149.0.7827.115/chromedriver
2026-06-13 13:48:11 INFO  org.testng.internal.Utils - [TestNG] Running:
  /Users/ritiksoni/Capstone_Guru99/Guru99BankFramework/testng.xml

2026-06-13 13:48:15 INFO  io.github.bonigarcia.wdm.WebDriverManager - Using chromedriver 149.0.7827.115 (resolved driver for Chrome 149)
2026-06-13 13:48:15 INFO  io.github.bonigarcia.wdm.WebDriverManager - Exporting webdriver.chrome.driver as /Users/ritiksoni/.cache/selenium/chromedriver/mac64/149.0.7827.115/chromedriver
2026-06-13 13:49:12 INFO  io.github.bonigarcia.wdm.WebDriverManager - Using chromedriver 149.0.7827.115 (resolved driver for Chrome 149)
2026-06-13 13:49:12 INFO  io.github.bonigarcia.wdm.WebDriverManager - Exporting webdriver.chrome.driver as /Users/ritiksoni/.cache/selenium/chromedriver/mac64/149.0.7827.115/chromedriver
2026-06-13 13:49:42 INFO  org.testng.internal.Utils - [TestNG] Running:
  /Users/ritiksoni/Capstone_Guru99/Guru99BankFramework/testng.xml

2026-06-13 13:49:43 INFO  io.github.bonigarcia.wdm.WebDriverManager - Using chromedriver 149.0.7827.115 (resolved driver for Chrome 149)
2026-06-13 13:49:43 INFO  io.github.bonigarcia.wdm.WebDriverManager - Exporting webdriver.chrome.driver as /Users/ritiksoni/.cache/selenium/chromedriver/mac64/149.0.7827.115/chromedriver
2026-06-13 13:51:24 INFO  io.github.bonigarcia.wdm.WebDriverManager - Using chromedriver 149.0.7827.115 (resolved driver for Chrome 149)
2026-06-13 13:51:24 INFO  io.github.bonigarcia.wdm.WebDriverManager - Exporting webdriver.chrome.driver as /Users/ritiksoni/.cache/selenium/chromedriver/mac64/149.0.7827.115/chromedriver
2026-06-13 13:51:51 INFO  org.testng.internal.Utils - [TestNG] Running:
  /Users/ritiksoni/Capstone_Guru99/Guru99BankFramework/testng.xml

2026-06-13 13:51:52 INFO  io.github.bonigarcia.wdm.WebDriverManager - Using chromedriver 149.0.7827.115 (resolved driver for Chrome 149)
2026-06-13 13:51:52 INFO  io.github.bonigarcia.wdm.WebDriverManager - Exporting webdriver.chrome.driver as /Users/ritiksoni/.cache/selenium/chromedriver/mac64/149.0.7827.115/chromedriver
2026-06-13 13:53:07 INFO  io.github.bonigarcia.wdm.WebDriverManager - Using chromedriver 149.0.7827.115 (resolved driver for Chrome 149)
2026-06-13 13:53:07 INFO  io.github.bonigarcia.wdm.WebDriverManager - Exporting webdriver.chrome.driver as /Users/ritiksoni/.cache/selenium/chromedriver/mac64/149.0.7827.115/chromedriver
2026-06-13 13:53:40 INFO  org.testng.internal.Utils - [TestNG] Running:
  /Users/ritiksoni/Capstone_Guru99/Guru99BankFramework/testng.xml

2026-06-13 13:53:41 INFO  io.github.bonigarcia.wdm.WebDriverManager - Using chromedriver 149.0.7827.115 (resolved driver for Chrome 149)
2026-06-13 13:53:41 INFO  io.github.bonigarcia.wdm.WebDriverManager - Exporting webdriver.chrome.driver as /Users/ritiksoni/.cache/selenium/chromedriver/mac64/149.0.7827.115/chromedriver
2026-06-13 13:54:58 INFO  io.github.bonigarcia.wdm.WebDriverManager - Using chromedriver 149.0.7827.115 (resolved driver for Chrome 149)
2026-06-13 13:54:58 INFO  io.github.bonigarcia.wdm.WebDriverManager - Exporting webdriver.chrome.driver as /Users/ritiksoni/.cache/selenium/chromedriver/mac64/149.0.7827.115/chromedriver
2026-06-13 13:59:16 INFO  org.testng.internal.Utils - [TestNG] Running:
  /Users/ritiksoni/Capstone_Guru99/Guru99BankFramework/testng.xml

2026-06-13 13:59:17 INFO  io.github.bonigarcia.wdm.WebDriverManager - Using chromedriver 149.0.7827.115 (resolved driver for Chrome 149)
2026-06-13 13:59:17 INFO  io.github.bonigarcia.wdm.WebDriverManager - Exporting webdriver.chrome.driver as /Users/ritiksoni/.cache/selenium/chromedriver/mac64/149.0.7827.115/chromedriver
2026-06-13 14:00:36 INFO  io.github.bonigarcia.wdm.WebDriverManager - Using chromedriver 149.0.7827.115 (resolved driver for Chrome 149)
2026-06-13 14:00:36 INFO  io.github.bonigarcia.wdm.WebDriverManager - Exporting webdriver.chrome.driver as /Users/ritiksoni/.cache/selenium/chromedriver/mac64/149.0.7827.115/chromedriver
2026-06-13 14:10:16 INFO  org.testng.internal.Utils - [TestNG] Running:
  /Users/ritiksoni/Capstone_Guru99/Guru99BankFramework/testng.xml

2026-06-13 14:10:17 INFO  io.github.bonigarcia.wdm.WebDriverManager - Using chromedriver 149.0.7827.115 (resolved driver for Chrome 149)
2026-06-13 14:10:17 INFO  io.github.bonigarcia.wdm.WebDriverManager - Exporting webdriver.chrome.driver as /Users/ritiksoni/.cache/selenium/chromedriver/mac64/149.0.7827.115/chromedriver
2026-06-13 14:11:02 INFO  io.github.bonigarcia.wdm.WebDriverManager - Using chromedriver 149.0.7827.115 (resolved driver for Chrome 149)
2026-06-13 14:11:02 INFO  io.github.bonigarcia.wdm.WebDriverManager - Exporting webdriver.chrome.driver as /Users/ritiksoni/.cache/selenium/chromedriver/mac64/149.0.7827.115/chromedriver
2026-06-13 14:11:59 INFO  io.github.bonigarcia.wdm.WebDriverManager - Using chromedriver 149.0.7827.115 (resolved driver for Chrome 149)
2026-06-13 14:11:59 INFO  io.github.bonigarcia.wdm.WebDriverManager - Exporting webdriver.chrome.driver as /Users/ritiksoni/.cache/selenium/chromedriver/mac64/149.0.7827.115/chromedriver
2026-06-13 14:12:56 INFO  io.github.bonigarcia.wdm.WebDriverManager - Using chromedriver 149.0.7827.115 (resolved driver for Chrome 149)
2026-06-13 14:12:56 INFO  io.github.bonigarcia.wdm.WebDriverManager - Exporting webdriver.chrome.driver as /Users/ritiksoni/.cache/selenium/chromedriver/mac64/149.0.7827.115/chromedriver
2026-06-13 14:14:13 INFO  io.github.bonigarcia.wdm.WebDriverManager - Using chromedriver 149.0.7827.115 (resolved driver for Chrome 149)
2026-06-13 14:14:13 INFO  io.github.bonigarcia.wdm.WebDriverManager - Exporting webdriver.chrome.driver as /Users/ritiksoni/.cache/selenium/chromedriver/mac64/149.0.7827.115/chromedriver
2026-06-13 14:47:44 INFO  org.testng.internal.Utils - [TestNG] Running:
  /Users/ritiksoni/Capstone_Guru99/Guru99BankFramework/testng.xml

2026-06-13 14:47:45 INFO  io.github.bonigarcia.wdm.WebDriverManager - Using chromedriver 149.0.7827.115 (resolved driver for Chrome 149)
2026-06-13 14:47:45 INFO  io.github.bonigarcia.wdm.WebDriverManager - Exporting webdriver.chrome.driver as /Users/ritiksoni/.cache/selenium/chromedriver/mac64/149.0.7827.115/chromedriver
2026-06-13 14:48:49 INFO  org.testng.internal.Utils - [TestNG] Running:
  /Users/ritiksoni/Capstone_Guru99/Guru99BankFramework/testng.xml

2026-06-13 14:48:51 INFO  io.github.bonigarcia.wdm.WebDriverManager - Using chromedriver 149.0.7827.115 (resolved driver for Chrome 149)
2026-06-13 14:48:51 INFO  io.github.bonigarcia.wdm.WebDriverManager - Exporting webdriver.chrome.driver as /Users/ritiksoni/.cache/selenium/chromedriver/mac64/149.0.7827.115/chromedriver
2026-06-13 14:49:55 INFO  org.testng.internal.Utils - [TestNG] Running:
  /Users/ritiksoni/Capstone_Guru99/Guru99BankFramework/testng.xml

2026-06-13 14:49:56 INFO  io.github.bonigarcia.wdm.WebDriverManager - Using chromedriver 149.0.7827.115 (resolved driver for Chrome 149)
2026-06-13 14:49:56 INFO  io.github.bonigarcia.wdm.WebDriverManager - Exporting webdriver.chrome.driver as /Users/ritiksoni/.cache/selenium/chromedriver/mac64/149.0.7827.115/chromedriver
2026-06-13 15:15:36 INFO  org.testng.internal.Utils - [TestNG] Running:
  /Users/ritiksoni/Capstone_Guru99/Guru99BankFramework/testng.xml

2026-06-13 15:15:37 INFO  io.github.bonigarcia.wdm.WebDriverManager - Using chromedriver 149.0.7827.115 (resolved driver for Chrome 149)
2026-06-13 15:15:37 INFO  io.github.bonigarcia.wdm.WebDriverManager - Exporting webdriver.chrome.driver as /Users/ritiksoni/.cache/selenium/chromedriver/mac64/149.0.7827.115/chromedriver
2026-06-13 15:27:43 INFO  org.testng.internal.Utils - [TestNG] Running:
  /Users/ritiksoni/Capstone_Guru99/Guru99BankFramework/testng.xml

2026-06-13 15:27:44 INFO  io.github.bonigarcia.wdm.WebDriverManager - Using chromedriver 149.0.7827.115 (resolved driver for Chrome 149)
2026-06-13 15:27:44 INFO  io.github.bonigarcia.wdm.WebDriverManager - Exporting webdriver.chrome.driver as /Users/ritiksoni/.cache/selenium/chromedriver/mac64/149.0.7827.115/chromedriver
2026-06-13 15:33:46 INFO  org.testng.internal.Utils - [TestNG] Running:
  /Users/ritiksoni/Capstone_Guru99/Guru99BankFramework/testng.xml

2026-06-13 15:33:47 INFO  io.github.bonigarcia.wdm.WebDriverManager - Using chromedriver 149.0.7827.115 (resolved driver for Chrome 149)
2026-06-13 15:33:47 INFO  io.github.bonigarcia.wdm.WebDriverManager - Exporting webdriver.chrome.driver as /Users/ritiksoni/.cache/selenium/chromedriver/mac64/149.0.7827.115/chromedriver
2026-06-13 15:37:50 INFO  org.testng.internal.Utils - [TestNG] Running:
  /Users/ritiksoni/Capstone_Guru99/Guru99BankFramework/testng.xml

2026-06-13 15:37:51 INFO  io.github.bonigarcia.wdm.WebDriverManager - Using chromedriver 149.0.7827.115 (resolved driver for Chrome 149)
2026-06-13 15:37:51 INFO  io.github.bonigarcia.wdm.WebDriverManager - Exporting webdriver.chrome.driver as /Users/ritiksoni/.cache/selenium/chromedriver/mac64/149.0.7827.115/chromedriver
2026-06-13 15:39:49 INFO  org.testng.internal.Utils - [TestNG] Running:
  /Users/ritiksoni/Capstone_Guru99/Guru99BankFramework/testng.xml

2026-06-13 15:39:50 INFO  io.github.bonigarcia.wdm.WebDriverManager - Using chromedriver 149.0.7827.115 (resolved driver for Chrome 149)
2026-06-13 15:39:50 INFO  io.github.bonigarcia.wdm.WebDriverManager - Exporting webdriver.chrome.driver as /Users/ritiksoni/.cache/selenium/chromedriver/mac64/149.0.7827.115/chromedriver
2026-06-13 15:47:49 INFO  org.testng.internal.Utils - [TestNG] Running:
  /Users/ritiksoni/Capstone_Guru99/Guru99BankFramework/testng.xml

2026-06-13 15:47:50 INFO  io.github.bonigarcia.wdm.WebDriverManager - Using chromedriver 149.0.7827.115 (resolved driver for Chrome 149)
2026-06-13 15:47:50 INFO  io.github.bonigarcia.wdm.WebDriverManager - Exporting webdriver.chrome.driver as /Users/ritiksoni/.cache/selenium/chromedriver/mac64/149.0.7827.115/chromedriver
2026-06-13 19:23:54 INFO  org.testng.internal.Utils - [TestNG] Running:
  /Users/ritiksoni/Capstone_Guru99/Guru99BankFramework/testng.xml

2026-06-13 19:23:57 INFO  io.github.bonigarcia.wdm.WebDriverManager - Using chromedriver 149.0.7827.115 (resolved driver for Chrome 149)
2026-06-13 19:23:57 INFO  io.github.bonigarcia.wdm.WebDriverManager - Exporting webdriver.chrome.driver as /Users/ritiksoni/.cache/selenium/chromedriver/mac64/149.0.7827.115/chromedriver
2026-06-13 19:30:26 INFO  org.testng.internal.Utils - [TestNG] Running:
  /Users/ritiksoni/Capstone_Guru99/Guru99BankFramework/testng.xml

2026-06-13 19:30:27 INFO  io.github.bonigarcia.wdm.WebDriverManager - Using chromedriver 149.0.7827.115 (resolved driver for Chrome 149)
2026-06-13 19:30:27 INFO  io.github.bonigarcia.wdm.WebDriverManager - Exporting webdriver.chrome.driver as /Users/ritiksoni/.cache/selenium/chromedriver/mac64/149.0.7827.115/chromedriver
2026-06-13 19:35:10 INFO  org.testng.internal.Utils - [TestNG] Running:
  /Users/ritiksoni/Capstone_Guru99/Guru99BankFramework/testng.xml

2026-06-13 19:35:11 INFO  io.github.bonigarcia.wdm.WebDriverManager - Using chromedriver 149.0.7827.115 (resolved driver for Chrome 149)
2026-06-13 19:35:11 INFO  io.github.bonigarcia.wdm.WebDriverManager - Exporting webdriver.chrome.driver as /Users/ritiksoni/.cache/selenium/chromedriver/mac64/149.0.7827.115/chromedriver
2026-06-13 19:39:26 INFO  org.testng.internal.Utils - [TestNG] Running:
  /Users/ritiksoni/Capstone_Guru99/Guru99BankFramework/testng.xml

2026-06-13 19:39:27 INFO  io.github.bonigarcia.wdm.WebDriverManager - Using chromedriver 149.0.7827.115 (resolved driver for Chrome 149)
2026-06-13 19:39:27 INFO  io.github.bonigarcia.wdm.WebDriverManager - Exporting webdriver.chrome.driver as /Users/ritiksoni/.cache/selenium/chromedriver/mac64/149.0.7827.115/chromedriver
2026-06-13 19:40:29 INFO  org.testng.internal.Utils - [TestNG] Running:
  /Users/ritiksoni/Capstone_Guru99/Guru99BankFramework/testng.xml

2026-06-13 19:40:30 INFO  io.github.bonigarcia.wdm.WebDriverManager - Using chromedriver 149.0.7827.115 (resolved driver for Chrome 149)
2026-06-13 19:40:30 INFO  io.github.bonigarcia.wdm.WebDriverManager - Exporting webdriver.chrome.driver as /Users/ritiksoni/.cache/selenium/chromedriver/mac64/149.0.7827.115/chromedriver
2026-06-13 19:42:27 INFO  org.testng.internal.Utils - [TestNG] Running:
  /Users/ritiksoni/Capstone_Guru99/Guru99BankFramework/testng.xml

2026-06-13 19:42:28 INFO  io.github.bonigarcia.wdm.WebDriverManager - Using chromedriver 149.0.7827.115 (resolved driver for Chrome 149)
2026-06-13 19:42:28 INFO  io.github.bonigarcia.wdm.WebDriverManager - Exporting webdriver.chrome.driver as /Users/ritiksoni/.cache/selenium/chromedriver/mac64/149.0.7827.115/chromedriver
2026-06-14 08:45:29 INFO  org.testng.internal.Utils - [TestNG] Running:
  /Users/ritiksoni/Capstone_Guru99/Guru99BankFramework/testng.xml

2026-06-14 08:45:32 INFO  io.github.bonigarcia.wdm.WebDriverManager - Using chromedriver 149.0.7827.115 (resolved driver for Chrome 149)
2026-06-14 08:45:33 INFO  io.github.bonigarcia.wdm.WebDriverManager - Exporting webdriver.chrome.driver as /Users/ritiksoni/.cache/selenium/chromedriver/mac64/149.0.7827.115/chromedriver
2026-06-14 08:46:21 INFO  io.github.bonigarcia.wdm.WebDriverManager - Using chromedriver 149.0.7827.115 (resolved driver for Chrome 149)
2026-06-14 08:46:21 INFO  io.github.bonigarcia.wdm.WebDriverManager - Exporting webdriver.chrome.driver as /Users/ritiksoni/.cache/selenium/chromedriver/mac64/149.0.7827.115/chromedriver
2026-06-14 08:47:32 INFO  io.github.bonigarcia.wdm.WebDriverManager - Using chromedriver 149.0.7827.115 (resolved driver for Chrome 149)
2026-06-14 08:47:32 INFO  io.github.bonigarcia.wdm.WebDriverManager - Exporting webdriver.chrome.driver as /Users/ritiksoni/.cache/selenium/chromedriver/mac64/149.0.7827.115/chromedriver
2026-06-14 08:48:29 INFO  io.github.bonigarcia.wdm.WebDriverManager - Using chromedriver 149.0.7827.115 (resolved driver for Chrome 149)
2026-06-14 08:48:29 INFO  io.github.bonigarcia.wdm.WebDriverManager - Exporting webdriver.chrome.driver as /Users/ritiksoni/.cache/selenium/chromedriver/mac64/149.0.7827.115/chromedriver
2026-06-14 08:50:09 INFO  io.github.bonigarcia.wdm.WebDriverManager - Using chromedriver 149.0.7827.115 (resolved driver for Chrome 149)
2026-06-14 08:50:09 INFO  io.github.bonigarcia.wdm.WebDriverManager - Exporting webdriver.chrome.driver as /Users/ritiksoni/.cache/selenium/chromedriver/mac64/149.0.7827.115/chromedriver
2026-06-14 08:53:42 INFO  org.testng.internal.Utils - [TestNG] Running:
  /Users/ritiksoni/Capstone_Guru99/Guru99BankFramework/testng.xml

2026-06-14 08:53:43 INFO  io.github.bonigarcia.wdm.WebDriverManager - Using chromedriver 149.0.7827.115 (resolved driver for Chrome 149)
2026-06-14 08:53:43 INFO  io.github.bonigarcia.wdm.WebDriverManager - Exporting webdriver.chrome.driver as /Users/ritiksoni/.cache/selenium/chromedriver/mac64/149.0.7827.115/chromedriver
2026-06-14 08:54:31 INFO  io.github.bonigarcia.wdm.WebDriverManager - Using chromedriver 149.0.7827.115 (resolved driver for Chrome 149)
2026-06-14 08:54:31 INFO  io.github.bonigarcia.wdm.WebDriverManager - Exporting webdriver.chrome.driver as /Users/ritiksoni/.cache/selenium/chromedriver/mac64/149.0.7827.115/chromedriver
2026-06-14 08:55:37 INFO  io.github.bonigarcia.wdm.WebDriverManager - Using chromedriver 149.0.7827.115 (resolved driver for Chrome 149)
2026-06-14 08:55:37 INFO  io.github.bonigarcia.wdm.WebDriverManager - Exporting webdriver.chrome.driver as /Users/ritiksoni/.cache/selenium/chromedriver/mac64/149.0.7827.115/chromedriver
2026-06-14 08:56:28 INFO  io.github.bonigarcia.wdm.WebDriverManager - Using chromedriver 149.0.7827.115 (resolved driver for Chrome 149)
2026-06-14 08:56:28 INFO  io.github.bonigarcia.wdm.WebDriverManager - Exporting webdriver.chrome.driver as /Users/ritiksoni/.cache/selenium/chromedriver/mac64/149.0.7827.115/chromedriver
2026-06-14 08:58:02 INFO  io.github.bonigarcia.wdm.WebDriverManager - Using chromedriver 149.0.7827.115 (resolved driver for Chrome 149)
2026-06-14 08:58:02 INFO  io.github.bonigarcia.wdm.WebDriverManager - Exporting webdriver.chrome.driver as /Users/ritiksoni/.cache/selenium/chromedriver/mac64/149.0.7827.115/chromedriver
2026-06-14 09:09:27 INFO  org.testng.internal.Utils - [TestNG] Running:
  /Users/ritiksoni/Capstone_Guru99/Guru99BankFramework/testng.xml

2026-06-14 09:09:28 INFO  io.github.bonigarcia.wdm.WebDriverManager - Using chromedriver 149.0.7827.115 (resolved driver for Chrome 149)
2026-06-14 09:09:28 INFO  io.github.bonigarcia.wdm.WebDriverManager - Exporting webdriver.chrome.driver as /Users/ritiksoni/.cache/selenium/chromedriver/mac64/149.0.7827.115/chromedriver
2026-06-14 09:10:01 INFO  org.testng.internal.Utils - [TestNG] Running:
  /Users/ritiksoni/Capstone_Guru99/Guru99BankFramework/testng.xml

2026-06-14 09:10:02 INFO  io.github.bonigarcia.wdm.WebDriverManager - Using chromedriver 149.0.7827.115 (resolved driver for Chrome 149)
2026-06-14 09:10:02 INFO  io.github.bonigarcia.wdm.WebDriverManager - Exporting webdriver.chrome.driver as /Users/ritiksoni/.cache/selenium/chromedriver/mac64/149.0.7827.115/chromedriver
2026-06-14 09:10:51 INFO  io.github.bonigarcia.wdm.WebDriverManager - Using chromedriver 149.0.7827.115 (resolved driver for Chrome 149)
2026-06-14 09:10:51 INFO  io.github.bonigarcia.wdm.WebDriverManager - Exporting webdriver.chrome.driver as /Users/ritiksoni/.cache/selenium/chromedriver/mac64/149.0.7827.115/chromedriver
2026-06-14 09:12:05 INFO  io.github.bonigarcia.wdm.WebDriverManager - Using chromedriver 149.0.7827.115 (resolved driver for Chrome 149)
2026-06-14 09:12:05 INFO  io.github.bonigarcia.wdm.WebDriverManager - Exporting webdriver.chrome.driver as /Users/ritiksoni/.cache/selenium/chromedriver/mac64/149.0.7827.115/chromedriver
2026-06-14 09:13:16 INFO  io.github.bonigarcia.wdm.WebDriverManager - Using chromedriver 149.0.7827.115 (resolved driver for Chrome 149)
2026-06-14 09:13:16 INFO  io.github.bonigarcia.wdm.WebDriverManager - Exporting webdriver.chrome.driver as /Users/ritiksoni/.cache/selenium/chromedriver/mac64/149.0.7827.115/chromedriver
2026-06-14 09:14:52 INFO  io.github.bonigarcia.wdm.WebDriverManager - Using chromedriver 149.0.7827.115 (resolved driver for Chrome 149)
2026-06-14 09:14:52 INFO  io.github.bonigarcia.wdm.WebDriverManager - Exporting webdriver.chrome.driver as /Users/ritiksoni/.cache/selenium/chromedriver/mac64/149.0.7827.115/chromedriver
2026-06-14 09:20:52 INFO  org.testng.internal.Utils - [TestNG] Running:
  /Users/ritiksoni/Capstone_Guru99/Guru99BankFramework/testng.xml

2026-06-14 09:20:53 INFO  io.github.bonigarcia.wdm.WebDriverManager - Using chromedriver 149.0.7827.115 (resolved driver for Chrome 149)
2026-06-14 09:20:53 INFO  io.github.bonigarcia.wdm.WebDriverManager - Exporting webdriver.chrome.driver as /Users/ritiksoni/.cache/selenium/chromedriver/mac64/149.0.7827.115/chromedriver
2026-06-14 09:21:39 INFO  io.github.bonigarcia.wdm.WebDriverManager - Using chromedriver 149.0.7827.115 (resolved driver for Chrome 149)
2026-06-14 09:21:39 INFO  io.github.bonigarcia.wdm.WebDriverManager - Exporting webdriver.chrome.driver as /Users/ritiksoni/.cache/selenium/chromedriver/mac64/149.0.7827.115/chromedriver
2026-06-14 09:22:46 INFO  io.github.bonigarcia.wdm.WebDriverManager - Using chromedriver 149.0.7827.115 (resolved driver for Chrome 149)
2026-06-14 09:22:46 INFO  io.github.bonigarcia.wdm.WebDriverManager - Exporting webdriver.chrome.driver as /Users/ritiksoni/.cache/selenium/chromedriver/mac64/149.0.7827.115/chromedriver
2026-06-14 09:23:55 INFO  io.github.bonigarcia.wdm.WebDriverManager - Using chromedriver 149.0.7827.115 (resolved driver for Chrome 149)
2026-06-14 09:23:55 INFO  io.github.bonigarcia.wdm.WebDriverManager - Exporting webdriver.chrome.driver as /Users/ritiksoni/.cache/selenium/chromedriver/mac64/149.0.7827.115/chromedriver
2026-06-14 09:25:22 INFO  io.github.bonigarcia.wdm.WebDriverManager - Using chromedriver 149.0.7827.115 (resolved driver for Chrome 149)
2026-06-14 09:25:22 INFO  io.github.bonigarcia.wdm.WebDriverManager - Exporting webdriver.chrome.driver as /Users/ritiksoni/.cache/selenium/chromedriver/mac64/149.0.7827.115/chromedriver
2026-06-14 09:28:46 INFO  org.testng.internal.Utils - [TestNG] Running:
  /Users/ritiksoni/Capstone_Guru99/Guru99BankFramework/testng.xml

2026-06-14 09:28:47 INFO  io.github.bonigarcia.wdm.WebDriverManager - Using chromedriver 149.0.7827.115 (resolved driver for Chrome 149)
2026-06-14 09:28:47 INFO  io.github.bonigarcia.wdm.WebDriverManager - Exporting webdriver.chrome.driver as /Users/ritiksoni/.cache/selenium/chromedriver/mac64/149.0.7827.115/chromedriver
2026-06-14 09:29:09 INFO  org.testng.internal.Utils - [TestNG] Running:
  /Users/ritiksoni/Capstone_Guru99/Guru99BankFramework/testng.xml

2026-06-14 09:29:10 INFO  io.github.bonigarcia.wdm.WebDriverManager - Using chromedriver 149.0.7827.115 (resolved driver for Chrome 149)
2026-06-14 09:29:10 INFO  io.github.bonigarcia.wdm.WebDriverManager - Exporting webdriver.chrome.driver as /Users/ritiksoni/.cache/selenium/chromedriver/mac64/149.0.7827.115/chromedriver
2026-06-14 09:32:52 INFO  org.testng.internal.Utils - [TestNG] Running:
  /Users/ritiksoni/Capstone_Guru99/Guru99BankFramework/testng.xml

2026-06-14 09:32:52 INFO  io.github.bonigarcia.wdm.WebDriverManager - Using chromedriver 149.0.7827.115 (resolved driver for Chrome 149)
2026-06-14 09:32:52 INFO  io.github.bonigarcia.wdm.WebDriverManager - Exporting webdriver.chrome.driver as /Users/ritiksoni/.cache/selenium/chromedriver/mac64/149.0.7827.115/chromedriver
2026-06-14 09:34:26 INFO  io.github.bonigarcia.wdm.WebDriverManager - Using chromedriver 149.0.7827.115 (resolved driver for Chrome 149)
2026-06-14 09:34:26 INFO  io.github.bonigarcia.wdm.WebDriverManager - Exporting webdriver.chrome.driver as /Users/ritiksoni/.cache/selenium/chromedriver/mac64/149.0.7827.115/chromedriver
2026-06-14 09:36:40 INFO  org.testng.internal.Utils - [TestNG] Running:
  /Users/ritiksoni/Capstone_Guru99/Guru99BankFramework/testng.xml

2026-06-14 09:36:40 INFO  io.github.bonigarcia.wdm.WebDriverManager - Using chromedriver 149.0.7827.115 (resolved driver for Chrome 149)
2026-06-14 09:36:40 INFO  io.github.bonigarcia.wdm.WebDriverManager - Exporting webdriver.chrome.driver as /Users/ritiksoni/.cache/selenium/chromedriver/mac64/149.0.7827.115/chromedriver
2026-06-14 09:38:01 INFO  org.testng.internal.Utils - [TestNG] Running:
  /Users/ritiksoni/Capstone_Guru99/Guru99BankFramework/testng.xml

2026-06-14 09:38:02 INFO  io.github.bonigarcia.wdm.WebDriverManager - Using chromedriver 149.0.7827.115 (resolved driver for Chrome 149)
2026-06-14 09:38:02 INFO  io.github.bonigarcia.wdm.WebDriverManager - Exporting webdriver.chrome.driver as /Users/ritiksoni/.cache/selenium/chromedriver/mac64/149.0.7827.115/chromedriver
2026-06-14 09:38:12 INFO  io.github.bonigarcia.wdm.WebDriverManager - Using chromedriver 149.0.7827.115 (resolved driver for Chrome 149)
2026-06-14 09:38:12 INFO  io.github.bonigarcia.wdm.WebDriverManager - Exporting webdriver.chrome.driver as /Users/ritiksoni/.cache/selenium/chromedriver/mac64/149.0.7827.115/chromedriver
2026-06-14 09:38:58 INFO  io.github.bonigarcia.wdm.WebDriverManager - Using chromedriver 149.0.7827.115 (resolved driver for Chrome 149)
2026-06-14 09:38:58 INFO  io.github.bonigarcia.wdm.WebDriverManager - Exporting webdriver.chrome.driver as /Users/ritiksoni/.cache/selenium/chromedriver/mac64/149.0.7827.115/chromedriver
2026-06-14 09:39:55 INFO  org.testng.internal.Utils - [TestNG] Running:
  /Users/ritiksoni/Capstone_Guru99/Guru99BankFramework/testng.xml

2026-06-14 09:39:56 INFO  io.github.bonigarcia.wdm.WebDriverManager - Using chromedriver 149.0.7827.115 (resolved driver for Chrome 149)
2026-06-14 09:39:56 INFO  io.github.bonigarcia.wdm.WebDriverManager - Exporting webdriver.chrome.driver as /Users/ritiksoni/.cache/selenium/chromedriver/mac64/149.0.7827.115/chromedriver
2026-06-14 09:40:42 INFO  io.github.bonigarcia.wdm.WebDriverManager - Using chromedriver 149.0.7827.115 (resolved driver for Chrome 149)
2026-06-14 09:40:42 INFO  io.github.bonigarcia.wdm.WebDriverManager - Exporting webdriver.chrome.driver as /Users/ritiksoni/.cache/selenium/chromedriver/mac64/149.0.7827.115/chromedriver
2026-06-14 09:41:47 INFO  io.github.bonigarcia.wdm.WebDriverManager - Using chromedriver 149.0.7827.115 (resolved driver for Chrome 149)
2026-06-14 09:41:47 INFO  io.github.bonigarcia.wdm.WebDriverManager - Exporting webdriver.chrome.driver as /Users/ritiksoni/.cache/selenium/chromedriver/mac64/149.0.7827.115/chromedriver
2026-06-14 09:42:50 INFO  io.github.bonigarcia.wdm.WebDriverManager - Using chromedriver 149.0.7827.115 (resolved driver for Chrome 149)
2026-06-14 09:42:50 INFO  io.github.bonigarcia.wdm.WebDriverManager - Exporting webdriver.chrome.driver as /Users/ritiksoni/.cache/selenium/chromedriver/mac64/149.0.7827.115/chromedriver
2026-06-14 09:44:17 INFO  io.github.bonigarcia.wdm.WebDriverManager - Using chromedriver 149.0.7827.115 (resolved driver for Chrome 149)
2026-06-14 09:44:17 INFO  io.github.bonigarcia.wdm.WebDriverManager - Exporting webdriver.chrome.driver as /Users/ritiksoni/.cache/selenium/chromedriver/mac64/149.0.7827.115/chromedriver
2026-06-14 10:25:20 INFO  org.testng.internal.Utils - [TestNG] Running:
  /Users/ritiksoni/Capstone_Guru99/Guru99BankFramework/testng.xml

2026-06-14 10:25:23 INFO  io.github.bonigarcia.wdm.WebDriverManager - Using chromedriver 149.0.7827.115 (resolved driver for Chrome 149)
2026-06-14 10:25:23 INFO  io.github.bonigarcia.wdm.WebDriverManager - Exporting webdriver.chrome.driver as /Users/ritiksoni/.cache/selenium/chromedriver/mac64/149.0.7827.115/chromedriver
2026-06-14 10:26:13 INFO  io.github.bonigarcia.wdm.WebDriverManager - Using chromedriver 149.0.7827.115 (resolved driver for Chrome 149)
2026-06-14 10:26:13 INFO  io.github.bonigarcia.wdm.WebDriverManager - Exporting webdriver.chrome.driver as /Users/ritiksoni/.cache/selenium/chromedriver/mac64/149.0.7827.115/chromedriver
2026-06-14 10:27:40 INFO  org.testng.internal.Utils - [TestNG] Running:
  /Users/ritiksoni/Capstone_Guru99/Guru99BankFramework/testng.xml

2026-06-14 10:27:41 INFO  io.github.bonigarcia.wdm.WebDriverManager - Using chromedriver 149.0.7827.115 (resolved driver for Chrome 149)
2026-06-14 10:27:41 INFO  io.github.bonigarcia.wdm.WebDriverManager - Exporting webdriver.chrome.driver as /Users/ritiksoni/.cache/selenium/chromedriver/mac64/149.0.7827.115/chromedriver
2026-06-14 10:28:39 INFO  io.github.bonigarcia.wdm.WebDriverManager - Using chromedriver 149.0.7827.115 (resolved driver for Chrome 149)
2026-06-14 10:28:39 INFO  io.github.bonigarcia.wdm.WebDriverManager - Exporting webdriver.chrome.driver as /Users/ritiksoni/.cache/selenium/chromedriver/mac64/149.0.7827.115/chromedriver
2026-06-14 10:29:46 INFO  io.github.bonigarcia.wdm.WebDriverManager - Using chromedriver 149.0.7827.115 (resolved driver for Chrome 149)
2026-06-14 10:29:46 INFO  io.github.bonigarcia.wdm.WebDriverManager - Exporting webdriver.chrome.driver as /Users/ritiksoni/.cache/selenium/chromedriver/mac64/149.0.7827.115/chromedriver
2026-06-14 10:30:51 INFO  io.github.bonigarcia.wdm.WebDriverManager - Using chromedriver 149.0.7827.115 (resolved driver for Chrome 149)
2026-06-14 10:30:51 INFO  io.github.bonigarcia.wdm.WebDriverManager - Exporting webdriver.chrome.driver as /Users/ritiksoni/.cache/selenium/chromedriver/mac64/149.0.7827.115/chromedriver
2026-06-14 10:32:15 INFO  io.github.bonigarcia.wdm.WebDriverManager - Using chromedriver 149.0.7827.115 (resolved driver for Chrome 149)
2026-06-14 10:32:15 INFO  io.github.bonigarcia.wdm.WebDriverManager - Exporting webdriver.chrome.driver as /Users/ritiksoni/.cache/selenium/chromedriver/mac64/149.0.7827.115/chromedriver
2026-06-14 14:00:53 INFO  org.testng.internal.Utils - [TestNG] Running:
  /Users/ritiksoni/Capstone_Guru99/Guru99BankFramework/testng.xml

2026-06-14 14:00:57 INFO  io.github.bonigarcia.wdm.WebDriverManager - Using chromedriver 149.0.7827.115 (resolved driver for Chrome 149)
2026-06-14 14:00:57 INFO  io.github.bonigarcia.wdm.WebDriverManager - Exporting webdriver.chrome.driver as /Users/ritiksoni/.cache/selenium/chromedriver/mac64/149.0.7827.115/chromedriver
2026-06-14 14:01:42 INFO  io.github.bonigarcia.wdm.WebDriverManager - Using chromedriver 149.0.7827.115 (resolved driver for Chrome 149)
2026-06-14 14:01:42 INFO  io.github.bonigarcia.wdm.WebDriverManager - Exporting webdriver.chrome.driver as /Users/ritiksoni/.cache/selenium/chromedriver/mac64/149.0.7827.115/chromedriver
2026-06-14 14:02:51 INFO  org.testng.internal.Utils - [TestNG] Running:
  /Users/ritiksoni/Capstone_Guru99/Guru99BankFramework/testng.xml

2026-06-14 14:02:51 INFO  io.github.bonigarcia.wdm.WebDriverManager - Using chromedriver 149.0.7827.115 (resolved driver for Chrome 149)
2026-06-14 14:02:51 INFO  io.github.bonigarcia.wdm.WebDriverManager - Exporting webdriver.chrome.driver as /Users/ritiksoni/.cache/selenium/chromedriver/mac64/149.0.7827.115/chromedriver
2026-06-14 14:03:40 INFO  io.github.bonigarcia.wdm.WebDriverManager - Using chromedriver 149.0.7827.115 (resolved driver for Chrome 149)
2026-06-14 14:03:40 INFO  io.github.bonigarcia.wdm.WebDriverManager - Exporting webdriver.chrome.driver as /Users/ritiksoni/.cache/selenium/chromedriver/mac64/149.0.7827.115/chromedriver
2026-06-14 14:04:45 INFO  io.github.bonigarcia.wdm.WebDriverManager - Using chromedriver 149.0.7827.115 (resolved driver for Chrome 149)
2026-06-14 14:04:45 INFO  io.github.bonigarcia.wdm.WebDriverManager - Exporting webdriver.chrome.driver as /Users/ritiksoni/.cache/selenium/chromedriver/mac64/149.0.7827.115/chromedriver
2026-06-14 14:05:50 INFO  io.github.bonigarcia.wdm.WebDriverManager - Using chromedriver 149.0.7827.115 (resolved driver for Chrome 149)
2026-06-14 14:05:50 INFO  io.github.bonigarcia.wdm.WebDriverManager - Exporting webdriver.chrome.driver as /Users/ritiksoni/.cache/selenium/chromedriver/mac64/149.0.7827.115/chromedriver
2026-06-14 14:07:15 INFO  io.github.bonigarcia.wdm.WebDriverManager - Using chromedriver 149.0.7827.115 (resolved driver for Chrome 149)
2026-06-14 14:07:15 INFO  io.github.bonigarcia.wdm.WebDriverManager - Exporting webdriver.chrome.driver as /Users/ritiksoni/.cache/selenium/chromedriver/mac64/149.0.7827.115/chromedriver
2026-06-14 14:08:13 INFO  org.testng.internal.Utils - [TestNG] Running:
  /Users/ritiksoni/Capstone_Guru99/Guru99BankFramework/testng.xml

2026-06-14 14:08:13 INFO  io.github.bonigarcia.wdm.WebDriverManager - Using chromedriver 149.0.7827.115 (resolved driver for Chrome 149)
2026-06-14 14:08:13 INFO  io.github.bonigarcia.wdm.WebDriverManager - Exporting webdriver.chrome.driver as /Users/ritiksoni/.cache/selenium/chromedriver/mac64/149.0.7827.115/chromedriver
2026-06-14 14:09:01 INFO  io.github.bonigarcia.wdm.WebDriverManager - Using chromedriver 149.0.7827.115 (resolved driver for Chrome 149)
2026-06-14 14:09:01 INFO  io.github.bonigarcia.wdm.WebDriverManager - Exporting webdriver.chrome.driver as /Users/ritiksoni/.cache/selenium/chromedriver/mac64/149.0.7827.115/chromedriver
2026-06-14 14:10:02 INFO  io.github.bonigarcia.wdm.WebDriverManager - Using chromedriver 149.0.7827.115 (resolved driver for Chrome 149)
2026-06-14 14:10:02 INFO  io.github.bonigarcia.wdm.WebDriverManager - Exporting webdriver.chrome.driver as /Users/ritiksoni/.cache/selenium/chromedriver/mac64/149.0.7827.115/chromedriver
2026-06-14 14:11:05 INFO  io.github.bonigarcia.wdm.WebDriverManager - Using chromedriver 149.0.7827.115 (resolved driver for Chrome 149)
2026-06-14 14:11:05 INFO  io.github.bonigarcia.wdm.WebDriverManager - Exporting webdriver.chrome.driver as /Users/ritiksoni/.cache/selenium/chromedriver/mac64/149.0.7827.115/chromedriver
2026-06-14 14:12:31 INFO  io.github.bonigarcia.wdm.WebDriverManager - Using chromedriver 149.0.7827.115 (resolved driver for Chrome 149)
2026-06-14 14:12:31 INFO  io.github.bonigarcia.wdm.WebDriverManager - Exporting webdriver.chrome.driver as /Users/ritiksoni/.cache/selenium/chromedriver/mac64/149.0.7827.115/chromedriver
